Type,Motif,nERVs,nMotifs,ERV_rel_rate
AT_CG,AAAAA(TTTTT),65322,36208598,0.001804047
AT_GC,AAAAA(TTTTT),113916,36208598,0.003146104
AT_TA,AAAAA(TTTTT),38708,36208598,0.001069028
AT_CG,AAAAC(GTTTT),18975,11333206,0.001674284
AT_GC,AAAAC(GTTTT),23943,11333206,0.002112641
AT_TA,AAAAC(GTTTT),10847,11333206,0.000957099
AT_CG,AAAAG(CTTTT),21347,13660285,0.001562705
AT_GC,AAAAG(CTTTT),40813,13660285,0.002987712
AT_TA,AAAAG(CTTTT),10474,13660285,0.000766748
AT_CG,AAAAT(ATTTT),44588,21826548,0.002042833
AT_GC,AAAAT(ATTTT),45612,21826548,0.002089749
AT_TA,AAAAT(ATTTT),35624,21826548,0.001632141
AT_CG,AAACA(TGTTT),20357,12766729,0.001594535
AT_GC,AAACA(TGTTT),67185,12766729,0.005262507
AT_TA,AAACA(TGTTT),16365,12766729,0.001281848
AT_CG,AAACC(GGTTT),12216,6566569,0.001860332
AT_GC,AAACC(GGTTT),29648,6566569,0.004514991
AT_TA,AAACC(GGTTT),9714,6566569,0.001479311
AT_CG,AAACG(CGTTT),1564,1198250,0.001305237
AT_GC,AAACG(CGTTT),4818,1198250,0.004020864
AT_TA,AAACG(CGTTT),1261,1198250,0.001052368
AT_CG,AAACT(AGTTT),15912,9443105,0.001685039
AT_GC,AAACT(AGTTT),41164,9443105,0.004359159
AT_TA,AAACT(AGTTT),16985,9443105,0.001798667
AT_CG,AAAGA(TCTTT),18413,14025781,0.001312797
AT_GC,AAAGA(TCTTT),65441,14025781,0.004665765
AT_TA,AAAGA(TCTTT),11828,14025781,0.000843304
AT_CG,AAAGC(GCTTT),8573,6836290,0.001254043
AT_GC,AAAGC(GCTTT),25970,6836290,0.003798844
AT_TA,AAAGC(GCTTT),7422,6836290,0.001085677
AT_CG,AAAGG(CCTTT),12296,8296707,0.001482034
AT_GC,AAAGG(CCTTT),36694,8296707,0.004422719
AT_TA,AAAGG(CCTTT),9629,8296707,0.001160581
AT_CG,AAAGT(ACTTT),18436,9670229,0.00190647
AT_GC,AAAGT(ACTTT),37519,9670229,0.003879846
AT_TA,AAAGT(ACTTT),15971,9670229,0.001651564
AT_CG,AAATA(TATTT),28173,18071188,0.001559001
AT_GC,AAATA(TATTT),118220,18071188,0.006541905
AT_TA,AAATA(TATTT),24733,18071188,0.001368643
AT_CG,AAATC(GATTT),11710,7921761,0.001478207
AT_GC,AAATC(GATTT),44327,7921761,0.005595599
AT_TA,AAATC(GATTT),10372,7921761,0.001309305
AT_CG,AAATG(CATTT),16339,12970518,0.001259703
AT_GC,AAATG(CATTT),84251,12970518,0.006495577
AT_TA,AAATG(CATTT),17082,12970518,0.001316987
AT_CG,AAATT(AATTT),22706,15062632,0.001507439
AT_GC,AAATT(AATTT),74874,15062632,0.004970844
AT_TA,AAATT(AATTT),41628,15062632,0.00276366
GC_AT,AACAA(TTGTT),77510,10506738,0.007377171
GC_CG,AACAA(TTGTT),33733,10506738,0.003210606
GC_TA,AACAA(TTGTT),60643,10506738,0.00577182
GC_AT,AACAC(GTGTT),55271,5738242,0.009632044
GC_CG,AACAC(GTGTT),8287,5738242,0.001444171
GC_TA,AACAC(GTGTT),14608,5738242,0.002545727
GC_AT,AACAG(CTGTT),69028,7442525,0.009274809
GC_CG,AACAG(CTGTT),37469,7442525,0.005034447
GC_TA,AACAG(CTGTT),21839,7442525,0.002934354
GC_AT,AACAT(ATGTT),104933,8931618,0.011748487
GC_CG,AACAT(ATGTT),13760,8931618,0.001540594
GC_TA,AACAT(ATGTT),21953,8931618,0.002457897
GC_AT,AACCA(TGGTT),54397,6201494,0.008771596
GC_CG,AACCA(TGGTT),19510,6201494,0.003146016
GC_TA,AACCA(TGGTT),40337,6201494,0.0065044
GC_AT,AACCC(GGGTT),50229,4676967,0.010739652
GC_CG,AACCC(GGGTT),11184,4676967,0.002391293
GC_TA,AACCC(GGGTT),42321,4676967,0.009048813
GC_AT,AACCG(CGGTT),5238,600347,0.008724954
GC_CG,AACCG(CGGTT),1643,600347,0.002736751
GC_TA,AACCG(CGGTT),2999,600347,0.004995444
GC_AT,AACCT(AGGTT),63464,5792961,0.010955365
GC_CG,AACCT(AGGTT),17514,5792961,0.003023324
GC_TA,AACCT(AGGTT),55488,5792961,0.009578521
GC_AT,AACGA(TCGTT),100437,836227,0.120107339
GC_CG,AACGA(TCGTT),3909,836227,0.004674568
GC_TA,AACGA(TCGTT),4591,836227,0.005490136
GC_AT,AACGC(GCGTT),73092,581475,0.125701019
GC_CG,AACGC(GCGTT),1766,581475,0.003037104
GC_TA,AACGC(GCGTT),3120,581475,0.005365665
GC_AT,AACGG(CCGTT),86446,688822,0.125498315
GC_CG,AACGG(CCGTT),2128,688822,0.003089332
GC_TA,AACGG(CCGTT),3594,688822,0.005217603
GC_AT,AACGT(ACGTT),111642,1076923,0.103667579
GC_CG,AACGT(ACGTT),3683,1076923,0.003419929
GC_TA,AACGT(ACGTT),7032,1076923,0.006529715
GC_AT,AACTA(TAGTT),38890,5658132,0.006873293
GC_CG,AACTA(TAGTT),24056,5658132,0.00425158
GC_TA,AACTA(TAGTT),15858,5658132,0.002802692
GC_AT,AACTC(GAGTT),56070,5678935,0.00987333
GC_CG,AACTC(GAGTT),16715,5678935,0.002943334
GC_TA,AACTC(GAGTT),12914,5678935,0.002274018
GC_AT,AACTG(CAGTT),46159,6334568,0.007286843
GC_CG,AACTG(CAGTT),22959,6334568,0.003624399
GC_TA,AACTG(CAGTT),19912,6334568,0.003143387
GC_AT,AACTT(AAGTT),66427,7326537,0.00906663
GC_CG,AACTT(AAGTT),25391,7326537,0.003465621
GC_TA,AACTT(AAGTT),25403,7326537,0.003467259
GC_AT,TTCTT(AAGAA),74743,14074304,0.0053106
GC_CG,TTCTT(AAGAA),36803,14074304,0.002614907
GC_TA,TTCTT(AAGAA),77523,14074304,0.005508123
GC_AT,GTCTT(AAGAC),35171,6084610,0.005780321
GC_CG,GTCTT(AAGAC),20593,6084610,0.00338444
GC_TA,GTCTT(AAGAC),18312,6084610,0.00300956
GC_AT,CTCTT(AAGAG),70416,8337816,0.008445377
GC_CG,CTCTT(AAGAG),42021,8337816,0.005039809
GC_TA,CTCTT(AAGAG),18517,8337816,0.002220845
GC_AT,ATCTT(AAGAT),45075,7745323,0.005819641
GC_CG,ATCTT(AAGAT),26984,7745323,0.003483909
GC_TA,ATCTT(AAGAT),41923,7745323,0.005412686
GC_AT,TGCTT(AAGCA),89230,7874785,0.011331103
GC_CG,TGCTT(AAGCA),15270,7874785,0.001939101
GC_TA,TGCTT(AAGCA),18060,7874785,0.002293396
GC_AT,GGCTT(AAGCC),45482,4879229,0.009321555
GC_CG,GGCTT(AAGCC),9185,4879229,0.00188247
GC_TA,GGCTT(AAGCC),13561,4879229,0.002779333
GC_AT,CGCTT(AAGCG),9130,946335,0.009647746
GC_CG,CGCTT(AAGCG),1811,946335,0.001913699
GC_TA,CGCTT(AAGCG),1786,946335,0.001887281
GC_AT,AGCTT(AAGCT),52130,5968517,0.008734163
GC_CG,AGCTT(AAGCT),18702,5968517,0.003133442
GC_TA,AGCTT(AAGCT),20420,5968517,0.003421285
GC_AT,TCCTT(AAGGA),78589,8807320,0.008923146
GC_CG,TCCTT(AAGGA),17397,8807320,0.001975289
GC_TA,TCCTT(AAGGA),19860,8807320,0.002254942
GC_AT,GCCTT(AAGGC),45030,5088731,0.008848965
GC_CG,GCCTT(AAGGC),12021,5088731,0.002362279
GC_TA,GCCTT(AAGGC),10736,5088731,0.00210976
GC_AT,CCCTT(AAGGG),56008,5560581,0.010072329
GC_CG,CCCTT(AAGGG),20206,5560581,0.003633793
GC_TA,CCCTT(AAGGG),16689,5560581,0.003001305
GC_AT,ACCTT(AAGGT),56033,5258209,0.01065629
GC_CG,ACCTT(AAGGT),18292,5258209,0.003478751
GC_TA,ACCTT(AAGGT),24478,5258209,0.004655197
GC_AT,TACTT(AAGTA),71740,6667387,0.010759837
GC_CG,TACTT(AAGTA),22655,6667387,0.003397883
GC_TA,TACTT(AAGTA),17494,6667387,0.002623816
GC_AT,GACTT(AAGTC),40504,4953473,0.008176889
GC_CG,GACTT(AAGTC),15089,4953473,0.003046146
GC_TA,GACTT(AAGTC),13328,4953473,0.002690637
GC_AT,CACTT(AAGTG),75536,7462817,0.010121647
GC_CG,CACTT(AAGTG),28755,7462817,0.003853103
GC_TA,CACTT(AAGTG),18623,7462817,0.002495438
AT_CG,TTATT(AATAA),19938,14565446,0.001368856
AT_GC,TTATT(AATAA),90323,14565446,0.006201183
AT_TA,TTATT(AATAA),35068,14565446,0.002407616
AT_CG,GTATT(AATAC),4242,6529429,0.000649674
AT_GC,GTATT(AATAC),62807,6529429,0.009619065
AT_TA,GTATT(AATAC),10212,6529429,0.001563996
AT_CG,CTATT(AATAG),14430,6584740,0.00219143
AT_GC,CTATT(AATAG),137470,6584740,0.020877058
AT_TA,CTATT(AATAG),10577,6584740,0.00160629
AT_CG,ATATT(AATAT),8345,12197732,0.000684144
AT_GC,ATATT(AATAT),101712,12197732,0.008338599
AT_TA,ATATT(AATAT),17800,12197732,0.001459288
AT_CG,TGATT(AATCA),8658,7849805,0.001102957
AT_GC,TGATT(AATCA),33015,7849805,0.004205837
AT_TA,TGATT(AATCA),20429,7849805,0.002602485
AT_CG,GGATT(AATCC),5512,5834095,0.000944791
AT_GC,GGATT(AATCC),23396,5834095,0.004010219
AT_TA,GGATT(AATCC),15765,5834095,0.002702219
AT_CG,CGATT(AATCG),835,814460,0.001025219
AT_GC,CGATT(AATCG),3580,814460,0.00439555
AT_TA,CGATT(AATCG),1639,814460,0.002012376
AT_CG,AGATT(AATCT),7805,7345455,0.001062562
AT_GC,AGATT(AATCT),39510,7345455,0.005378836
AT_TA,AGATT(AATCT),22908,7345455,0.003118663
AT_CG,TCATT(AATGA),19627,9660297,0.002031718
AT_GC,TCATT(AATGA),80357,9660297,0.008318274
AT_TA,TCATT(AATGA),24827,9660297,0.002570004
AT_CG,GCATT(AATGC),12128,5690730,0.002131185
AT_GC,GCATT(AATGC),52495,5690730,0.009224651
AT_TA,GCATT(AATGC),12997,5690730,0.00228389
AT_CG,CCATT(AATGG),11847,7116473,0.001664729
AT_GC,CCATT(AATGG),81195,7116473,0.011409444
AT_TA,CCATT(AATGG),15601,7116473,0.002192238
AT_CG,ACATT(AATGT),19062,9019915,0.002113324
AT_GC,ACATT(AATGT),105789,9019915,0.011728381
AT_TA,ACATT(AATGT),26553,9019915,0.002943819
AT_CG,TAATT(AATTA),18018,10993583,0.001638956
AT_GC,TAATT(AATTA),52381,10993583,0.004764689
AT_TA,TAATT(AATTA),20031,10993583,0.001822063
AT_CG,GAATT(AATTC),9348,7382631,0.001266215
AT_GC,GAATT(AATTC),36601,7382631,0.004957718
AT_TA,GAATT(AATTC),12424,7382631,0.001682869
AT_CG,CAATT(AATTG),8887,6727543,0.001320987
AT_GC,CAATT(AATTG),146324,6727543,0.021749991
AT_TA,CAATT(AATTG),11969,6727543,0.001779104
AT_CG,ACAAA(TTTGT),27840,12692796,0.00219337
AT_GC,ACAAA(TTTGT),56419,12692796,0.004444962
AT_TA,ACAAA(TTTGT),13830,12692796,0.001089594
AT_CG,ACAAC(GTTGT),10190,4477194,0.002275979
AT_GC,ACAAC(GTTGT),16180,4477194,0.003613871
AT_TA,ACAAC(GTTGT),5828,4477194,0.001301708
AT_CG,ACAAG(CTTGT),10924,5650174,0.001933392
AT_GC,ACAAG(CTTGT),28004,5650174,0.004956308
AT_TA,ACAAG(CTTGT),6135,5650174,0.001085807
AT_CG,ACAAT(ATTGT),17725,6956209,0.002548083
AT_GC,ACAAT(ATTGT),36340,6956209,0.00522411
AT_TA,ACAAT(ATTGT),11851,6956209,0.001703658
AT_CG,ACACA(TGTGT),18594,10121939,0.001837
AT_GC,ACACA(TGTGT),51474,10121939,0.005085389
AT_TA,ACACA(TGTGT),13979,10121939,0.001381059
AT_CG,ACACC(GGTGT),7919,4458332,0.001776225
AT_GC,ACACC(GGTGT),23501,4458332,0.005271254
AT_TA,ACACC(GGTGT),6589,4458332,0.001477907
AT_CG,ACACG(CGTGT),1874,1189507,0.001575443
AT_GC,ACACG(CGTGT),6137,1189507,0.00515928
AT_TA,ACACG(CGTGT),1823,1189507,0.001532568
AT_CG,ACACT(AGTGT),16796,5629600,0.002983516
AT_GC,ACACT(AGTGT),47532,5629600,0.008443229
AT_TA,ACACT(AGTGT),13644,5629600,0.002423618
AT_CG,ACAGA(TCTGT),13877,9483697,0.001463248
AT_GC,ACAGA(TCTGT),52086,9483697,0.005492162
AT_TA,ACAGA(TCTGT),10715,9483697,0.001129834
AT_CG,ACAGC(GCTGT),6832,5250994,0.001301087
AT_GC,ACAGC(GCTGT),27902,5250994,0.005313661
AT_TA,ACAGC(GCTGT),7714,5250994,0.001469055
AT_CG,ACAGG(CCTGT),11534,7284287,0.001583408
AT_GC,ACAGG(CCTGT),46941,7284287,0.006444145
AT_TA,ACAGG(CCTGT),10690,7284287,0.001467542
AT_CG,ACAGT(ACTGT),16324,6259142,0.002608025
AT_GC,ACAGT(ACTGT),52854,6259142,0.008444288
AT_TA,ACAGT(ACTGT),14458,6259142,0.002309901
AT_CG,ACATA(TATGT),20264,7617438,0.002660212
AT_GC,ACATA(TATGT),131419,7617438,0.017252389
AT_TA,ACATA(TATGT),22623,7617438,0.002969896
AT_CG,ACATC(GATGT),10569,4687288,0.002254822
AT_GC,ACATC(GATGT),48101,4687288,0.010262011
AT_TA,ACATC(GATGT),16422,4687288,0.003503518
AT_CG,ACATG(CATGT),20372,7261110,0.002805632
AT_GC,ACATG(CATGT),121566,7261110,0.016742068
AT_TA,ACATG(CATGT),23091,7261110,0.003180092
GC_AT,ACCAA(TTGGT),35080,5759626,0.006090673
GC_CG,ACCAA(TTGGT),19254,5759626,0.003342925
GC_TA,ACCAA(TTGGT),31432,5759626,0.005457299
GC_AT,ACCAC(GTGGT),45092,5427027,0.008308785
GC_CG,ACCAC(GTGGT),12224,5427027,0.00225243
GC_TA,ACCAC(GTGGT),18716,5427027,0.003448665
GC_AT,ACCAG(CTGGT),41058,5476794,0.007496722
GC_CG,ACCAG(CTGGT),16915,5476794,0.003088486
GC_TA,ACCAG(CTGGT),22458,5476794,0.004100574
GC_AT,ACCAT(ATGGT),52150,6197852,0.008414205
GC_CG,ACCAT(ATGGT),12947,6197852,0.00208895
GC_TA,ACCAT(ATGGT),22951,6197852,0.003703057
GC_AT,ACCCA(TGGGT),46653,6038335,0.007726136
GC_CG,ACCCA(TGGGT),18641,6038335,0.003087109
GC_TA,ACCCA(TGGGT),29765,6038335,0.004929339
GC_AT,ACCCC(GGGGT),42493,4021813,0.010565633
GC_CG,ACCCC(GGGGT),11184,4021813,0.002780835
GC_TA,ACCCC(GGGGT),23496,4021813,0.005842141
GC_AT,ACCCG(CGGGT),8403,1029518,0.008162072
GC_CG,ACCCG(CGGGT),2977,1029518,0.002891644
GC_TA,ACCCG(CGGGT),4357,1029518,0.004232078
GC_AT,ACCCT(AGGGT),46714,4595619,0.010164898
GC_CG,ACCCT(AGGGT),21571,4595619,0.004693818
GC_TA,ACCCT(AGGGT),26670,4595619,0.005803353
GC_AT,ACCGA(TCGGT),58256,587004,0.099242935
GC_CG,ACCGA(TCGGT),3451,587004,0.005879006
GC_TA,ACCGA(TCGGT),4058,587004,0.00691307
GC_AT,ACCGC(GCGGT),77651,754379,0.102933671
GC_CG,ACCGC(GCGGT),3247,754379,0.004304203
GC_TA,ACCGC(GCGGT),4533,754379,0.006008916
GC_AT,ACCGG(CCGGT),59913,555089,0.107934043
GC_CG,ACCGG(CCGGT),2792,555089,0.005029824
GC_TA,ACCGG(CCGGT),3652,555089,0.006579125
GC_AT,ACCGT(ACGGT),78386,826021,0.094895892
GC_CG,ACCGT(ACGGT),3991,826021,0.004831596
GC_TA,ACCGT(ACGGT),5059,826021,0.006124542
GC_AT,ACCTA(TAGGT),33716,3908746,0.008625784
GC_CG,ACCTA(TAGGT),17292,3908746,0.004423925
GC_TA,ACCTA(TAGGT),13580,3908746,0.00347426
GC_AT,ACCTC(GAGGT),67153,5889238,0.011402664
GC_CG,ACCTC(GAGGT),18544,5889238,0.003148794
GC_TA,ACCTC(GAGGT),15991,5889238,0.002715292
GC_AT,ACCTG(CAGGT),48858,6190790,0.007892046
GC_CG,ACCTG(CAGGT),23453,6190790,0.003788369
GC_TA,ACCTG(CAGGT),17928,6190790,0.002895915
GC_AT,TTCGT(ACGAA),79545,862069,0.092272196
GC_CG,TTCGT(ACGAA),3086,862069,0.00357976
GC_TA,TTCGT(ACGAA),4411,862069,0.00511676
GC_AT,GTCGT(ACGAC),35478,459653,0.077184311
GC_CG,GTCGT(ACGAC),2164,459653,0.004707899
GC_TA,GTCGT(ACGAC),2659,459653,0.005784799
GC_AT,CTCGT(ACGAG),72652,910259,0.079814646
GC_CG,CTCGT(ACGAG),4669,910259,0.005129309
GC_TA,CTCGT(ACGAG),3770,910259,0.004141678
GC_AT,ATCGT(ACGAT),62094,774488,0.080174257
GC_CG,ATCGT(ACGAT),4216,774488,0.005443596
GC_TA,ATCGT(ACGAT),5702,774488,0.007362283
GC_AT,TGCGT(ACGCA),80823,827921,0.097621633
GC_CG,TGCGT(ACGCA),3283,827921,0.003965354
GC_TA,TGCGT(ACGCA),7472,827921,0.009025016
GC_AT,GGCGT(ACGCC),108351,1291816,0.083874948
GC_CG,GGCGT(ACGCC),3163,1291816,0.002448491
GC_TA,GGCGT(ACGCC),8889,1291816,0.006881011
GC_AT,CGCGT(ACGCG),14774,202536,0.072945057
GC_CG,CGCGT(ACGCG),712,202536,0.003515424
GC_TA,CGCGT(ACGCG),865,202536,0.004270846
GC_AT,AGCGT(ACGCT),65744,766676,0.085752
GC_CG,AGCGT(ACGCT),3026,766676,0.003946908
GC_TA,AGCGT(ACGCT),6120,766676,0.007982512
GC_AT,TCCGT(ACGGA),92921,939162,0.098940332
GC_CG,TCCGT(ACGGA),2682,939162,0.002855737
GC_TA,TCCGT(ACGGA),3630,939162,0.003865148
GC_AT,GCCGT(ACGGC),59513,660154,0.090150177
GC_CG,GCCGT(ACGGC),3079,660154,0.004664063
GC_TA,GCCGT(ACGGC),3460,660154,0.005241201
GC_AT,CCCGT(ACGGG),91489,1017876,0.089882265
GC_CG,CCCGT(ACGGG),5632,1017876,0.00553309
GC_TA,CCCGT(ACGGG),5309,1017876,0.005215763
GC_AT,TACGT(ACGTA),99683,881935,0.113027604
GC_CG,TACGT(ACGTA),3779,881935,0.004284896
GC_TA,TACGT(ACGTA),5393,881935,0.006114963
GC_AT,GACGT(ACGTC),74899,692594,0.108142721
GC_CG,GACGT(ACGTC),2232,692594,0.003222667
GC_TA,GACGT(ACGTC),3345,692594,0.004829669
GC_AT,CACGT(ACGTG),136054,1395850,0.097470359
GC_CG,CACGT(ACGTG),6590,1395850,0.004721138
GC_TA,CACGT(ACGTG),8894,1395850,0.006371745
AT_CG,TTAGT(ACTAA),11586,5652978,0.002049539
AT_GC,TTAGT(ACTAA),30386,5652978,0.00537522
AT_TA,TTAGT(ACTAA),10414,5652978,0.001842215
AT_CG,GTAGT(ACTAC),4977,3489680,0.001426205
AT_GC,GTAGT(ACTAC),24535,3489680,0.007030731
AT_TA,GTAGT(ACTAC),5247,3489680,0.001503576
AT_CG,CTAGT(ACTAG),6270,3274817,0.001914611
AT_GC,CTAGT(ACTAG),27251,3274817,0.008321381
AT_TA,CTAGT(ACTAG),4694,3274817,0.001433363
AT_CG,ATAGT(ACTAT),7908,5163017,0.001531663
AT_GC,ATAGT(ACTAT),35910,5163017,0.006955236
AT_TA,ATAGT(ACTAT),9097,5163017,0.001761954
AT_CG,TGAGT(ACTCA),10225,6042173,0.001692272
AT_GC,TGAGT(ACTCA),24337,6042173,0.004027856
AT_TA,TGAGT(ACTCA),10237,6042173,0.001694258
AT_CG,GGAGT(ACTCC),9142,5626036,0.001624945
AT_GC,GGAGT(ACTCC),23200,5626036,0.004123685
AT_TA,GGAGT(ACTCC),9245,5626036,0.001643253
AT_CG,CGAGT(ACTCG),1562,837249,0.001865634
AT_GC,CGAGT(ACTCG),3178,837249,0.003795764
AT_TA,CGAGT(ACTCG),1281,837249,0.001530011
AT_CG,AGAGT(ACTCT),11580,6144940,0.001884477
AT_GC,AGAGT(ACTCT),33806,6144940,0.005501437
AT_TA,AGAGT(ACTCT),12160,6144940,0.001978864
AT_CG,TCAGT(ACTGA),16501,6306508,0.002616503
AT_GC,TCAGT(ACTGA),43108,6306508,0.006835479
AT_TA,TCAGT(ACTGA),12531,6306508,0.001986995
AT_CG,GCAGT(ACTGC),15541,5811961,0.002673968
AT_GC,GCAGT(ACTGC),37385,5811961,0.006432424
AT_TA,GCAGT(ACTGC),10519,5811961,0.001809888
AT_CG,CCAGT(ACTGG),12650,5322044,0.002376906
AT_GC,CCAGT(ACTGG),38161,5322044,0.007170365
AT_TA,CCAGT(ACTGG),10063,5322044,0.001890815
AT_CG,TAAGT(ACTTA),13148,5475284,0.002401337
AT_GC,TAAGT(ACTTA),20011,5475284,0.003654788
AT_TA,TAAGT(ACTTA),7616,5475284,0.001390978
AT_CG,GAAGT(ACTTC),12373,5624039,0.00220002
AT_GC,GAAGT(ACTTC),25587,5624039,0.004549577
AT_TA,GAAGT(ACTTC),8074,5624039,0.001435623
AT_CG,CAAGT(ACTTG),11636,5640652,0.002062882
AT_GC,CAAGT(ACTTG),40874,5640652,0.007246325
AT_TA,CAAGT(ACTTG),7702,5640652,0.001365445
AT_CG,AGAAA(TTTCT),22778,17038886,0.001336824
AT_GC,AGAAA(TTTCT),76997,17038886,0.004518899
AT_TA,AGAAA(TTTCT),15863,17038886,0.000930988
AT_CG,AGAAC(GTTCT),6247,5850970,0.001067686
AT_GC,AGAAC(GTTCT),17862,5850970,0.003052827
AT_TA,AGAAC(GTTCT),7325,5850970,0.001251929
AT_CG,AGAAG(CTTCT),15426,9205969,0.001675652
AT_GC,AGAAG(CTTCT),32552,9205969,0.003535967
AT_TA,AGAAG(CTTCT),10399,9205969,0.001129593
AT_CG,AGAAT(ATTCT),15587,9863570,0.001580259
AT_GC,AGAAT(ATTCT),29226,9863570,0.002963025
AT_TA,AGAAT(ATTCT),13232,9863570,0.001341502
AT_CG,AGACA(TGTCT),8466,8200665,0.001032355
AT_GC,AGACA(TGTCT),49504,8200665,0.006036584
AT_TA,AGACA(TGTCT),16661,8200665,0.002031665
AT_CG,AGACC(GGTCT),7169,4622951,0.001550741
AT_GC,AGACC(GGTCT),20426,4622951,0.00441839
AT_TA,AGACC(GGTCT),9845,4622951,0.002129592
AT_CG,AGACG(CGTCT),930,1295996,0.000717595
AT_GC,AGACG(CGTCT),6649,1295996,0.005130417
AT_TA,AGACG(CGTCT),2198,1295996,0.001695993
AT_CG,AGACT(AGTCT),11878,6019300,0.001973319
AT_GC,AGACT(AGTCT),32494,6019300,0.005398302
AT_TA,AGACT(AGTCT),14818,6019300,0.002461748
AT_CG,AGAGA(TCTCT),14179,11287270,0.001256194
AT_GC,AGAGA(TCTCT),48848,11287270,0.004327707
AT_TA,AGAGA(TCTCT),11521,11287270,0.001020707
AT_CG,AGAGC(GCTCT),6849,5391816,0.001270258
AT_GC,AGAGC(GCTCT),27539,5391816,0.005107556
AT_TA,AGAGC(GCTCT),6758,5391816,0.001253381
AT_CG,AGAGG(CCTCT),10220,7403928,0.001380348
AT_GC,AGAGG(CCTCT),30160,7403928,0.004073513
AT_TA,AGAGG(CCTCT),11678,7403928,0.001577271
AT_CG,AGATA(TATCT),11806,6797089,0.00173692
AT_GC,AGATA(TATCT),63196,6797089,0.00929751
AT_TA,AGATA(TATCT),24368,6797089,0.003585064
AT_CG,AGATC(GATCT),7680,4699681,0.001634153
AT_GC,AGATC(GATCT),26500,4699681,0.005638681
AT_TA,AGATC(GATCT),18828,4699681,0.004006229
AT_CG,AGATG(CATCT),8517,7480103,0.001138621
AT_GC,AGATG(CATCT),55196,7480103,0.007379043
AT_TA,AGATG(CATCT),28426,7480103,0.003800215
GC_AT,AGCAA(TTGCT),45178,7703614,0.00586452
GC_CG,AGCAA(TTGCT),22884,7703614,0.002970554
GC_TA,AGCAA(TTGCT),43161,7703614,0.005602695
GC_AT,AGCAC(GTGCT),40280,5125447,0.007858827
GC_CG,AGCAC(GTGCT),8726,5125447,0.001702486
GC_TA,AGCAC(GTGCT),20728,5125447,0.004044135
GC_AT,AGCAG(CTGCT),55918,7153344,0.007817043
GC_CG,AGCAG(CTGCT),19759,7153344,0.002762205
GC_TA,AGCAG(CTGCT),29010,7153344,0.004055446
GC_AT,AGCAT(ATGCT),47514,6066910,0.007831664
GC_CG,AGCAT(ATGCT),10758,6066910,0.001773226
GC_TA,AGCAT(ATGCT),21672,6066910,0.003572164
GC_AT,AGCCA(TGGCT),65640,7910471,0.008297862
GC_CG,AGCCA(TGGCT),19600,7910471,0.002477729
GC_TA,AGCCA(TGGCT),36604,7910471,0.004627285
GC_AT,AGCCC(GGGCT),49346,4617574,0.010686564
GC_CG,AGCCC(GGGCT),12050,4617574,0.002609595
GC_TA,AGCCC(GGGCT),25631,4617574,0.00555075
GC_AT,AGCCG(CGGCT),12032,1299387,0.009259751
GC_CG,AGCCG(CGGCT),2544,1299387,0.001957846
GC_TA,AGCCG(CGGCT),4676,1299387,0.00359862
GC_AT,AGCCT(AGGCT),70169,8038287,0.008729347
GC_CG,AGCCT(AGGCT),38733,8038287,0.004818564
GC_TA,AGCCT(AGGCT),47497,8038287,0.005908846
GC_AT,AGCGA(TCGCT),104385,1095846,0.095255173
GC_CG,AGCGA(TCGCT),4673,1095846,0.004264285
GC_TA,AGCGA(TCGCT),9733,1095846,0.008881722
GC_AT,AGCGC(GCGCT),60283,663858,0.09080707
GC_CG,AGCGC(GCGCT),2567,663858,0.003866791
GC_TA,AGCGC(GCGCT),5558,663858,0.008372272
GC_AT,AGCGG(CCGCT),78525,814589,0.096398306
GC_CG,AGCGG(CCGCT),2540,814589,0.003118137
GC_TA,AGCGG(CCGCT),6920,814589,0.008495082
GC_AT,AGCTA(TAGCT),32328,5350886,0.006041616
GC_CG,AGCTA(TAGCT),19402,5350886,0.003625942
GC_TA,AGCTA(TAGCT),17163,5350886,0.003207506
GC_AT,AGCTC(GAGCT),48249,5117514,0.009428211
GC_CG,AGCTC(GAGCT),14814,5117514,0.002894765
GC_TA,AGCTC(GAGCT),12921,5117514,0.002524859
GC_AT,AGCTG(CAGCT),52936,7691541,0.006882366
GC_CG,AGCTG(CAGCT),27963,7691541,0.003635552
GC_TA,AGCTG(CAGCT),20647,7691541,0.002684378
GC_AT,TTCCT(AGGAA),91130,10489178,0.008688002
GC_CG,TTCCT(AGGAA),21796,10489178,0.002077951
GC_TA,TTCCT(AGGAA),24401,10489178,0.002326302
GC_AT,GTCCT(AGGAC),36990,4196037,0.008815461
GC_CG,GTCCT(AGGAC),10265,4196037,0.002446356
GC_TA,GTCCT(AGGAC),13504,4196037,0.003218275
GC_AT,CTCCT(AGGAG),96540,9175123,0.01052193
GC_CG,CTCCT(AGGAG),27618,9175123,0.003010096
GC_TA,CTCCT(AGGAG),21757,9175123,0.002371303
GC_AT,ATCCT(AGGAT),50327,6010631,0.008372998
GC_CG,ATCCT(AGGAT),17215,6010631,0.002864092
GC_TA,ATCCT(AGGAT),29023,6010631,0.004828611
GC_AT,TGCCT(AGGCA),102780,8593003,0.011960894
GC_CG,TGCCT(AGGCA),16082,8593003,0.001871523
GC_TA,TGCCT(AGGCA),35826,8593003,0.004169206
GC_AT,GGCCT(AGGCC),56114,5148629,0.010898824
GC_CG,GGCCT(AGGCC),11353,5148629,0.002205053
GC_TA,GGCCT(AGGCC),27828,5148629,0.005404934
GC_AT,CGCCT(AGGCG),17365,1913036,0.009077195
GC_CG,CGCCT(AGGCG),2685,1913036,0.001403528
GC_TA,CGCCT(AGGCG),5279,1913036,0.002759488
GC_AT,TCCCT(AGGGA),68504,7181786,0.009538574
GC_CG,TCCCT(AGGGA),12491,7181786,0.001739261
GC_TA,TCCCT(AGGGA),15706,7181786,0.002186921
GC_AT,GCCCT(AGGGC),41659,4280771,0.009731658
GC_CG,GCCCT(AGGGC),8644,4280771,0.002019262
GC_TA,GCCCT(AGGGC),11025,4280771,0.002575471
GC_AT,CCCCT(AGGGG),54645,4865543,0.011231018
GC_CG,CCCCT(AGGGG),24787,4865543,0.005094395
GC_TA,CCCCT(AGGGG),20368,4865543,0.004186172
GC_AT,TACCT(AGGTA),55102,4639138,0.011877638
GC_CG,TACCT(AGGTA),10962,4639138,0.002362939
GC_TA,TACCT(AGGTA),26275,4639138,0.005663768
GC_AT,GACCT(AGGTC),43054,4077922,0.010557828
GC_CG,GACCT(AGGTC),9484,4077922,0.002325694
GC_TA,GACCT(AGGTC),27877,4077922,0.00683608
GC_AT,CACCT(AGGTG),89439,6736956,0.013275877
GC_CG,CACCT(AGGTG),17598,6736956,0.002612159
GC_TA,CACCT(AGGTG),34014,6736956,0.005048868
AT_CG,TTACT(AGTAA),11107,6389714,0.001738262
AT_GC,TTACT(AGTAA),34082,6389714,0.005333885
AT_TA,TTACT(AGTAA),10374,6389714,0.001623547
AT_CG,GTACT(AGTAC),4320,3026753,0.001427272
AT_GC,GTACT(AGTAC),22074,3026753,0.007292964
AT_TA,GTACT(AGTAC),5181,3026753,0.001711735
AT_CG,CTACT(AGTAG),11142,5444471,0.00204648
AT_GC,CTACT(AGTAG),56969,5444471,0.010463643
AT_TA,CTACT(AGTAG),8529,5444471,0.001566543
AT_CG,ATACT(AGTAT),6987,5379361,0.001298853
AT_GC,ATACT(AGTAT),41696,5379361,0.007751106
AT_TA,ATACT(AGTAT),8876,5379361,0.00165001
AT_CG,TGACT(AGTCA),10205,5635933,0.001810703
AT_GC,TGACT(AGTCA),22984,5635933,0.004078118
AT_TA,TGACT(AGTCA),13581,5635933,0.002409716
AT_CG,GGACT(AGTCC),6080,3953174,0.001538005
AT_GC,GGACT(AGTCC),17773,3953174,0.004495881
AT_TA,GGACT(AGTCC),9032,3953174,0.002284746
AT_CG,CGACT(AGTCG),847,518624,0.001633168
AT_GC,CGACT(AGTCG),2294,518624,0.004423243
AT_TA,CGACT(AGTCG),1050,518624,0.002024588
AT_CG,TCACT(AGTGA),17797,7946898,0.00223949
AT_GC,TCACT(AGTGA),41837,7946898,0.00526457
AT_TA,TCACT(AGTGA),15055,7946898,0.00189445
AT_CG,GCACT(AGTGC),18117,5062393,0.003578742
AT_GC,GCACT(AGTGC),30037,5062393,0.00593336
AT_TA,GCACT(AGTGC),10001,5062393,0.001975548
AT_CG,CCACT(AGTGG),13666,6336378,0.002156753
AT_GC,CCACT(AGTGG),41932,6336378,0.006617661
AT_TA,CCACT(AGTGG),12769,6336378,0.002015189
AT_CG,TAACT(AGTTA),8582,5378392,0.001595644
AT_GC,TAACT(AGTTA),21228,5378392,0.003946905
AT_TA,TAACT(AGTTA),8361,5378392,0.001554554
AT_CG,GAACT(AGTTC),8161,5397952,0.00151187
AT_GC,GAACT(AGTTC),29222,5397952,0.005413535
AT_TA,GAACT(AGTTC),9643,5397952,0.001786418
AT_CG,CAACT(AGTTG),11139,4778732,0.002330953
AT_GC,CAACT(AGTTG),62470,4778732,0.013072505
AT_TA,CAACT(AGTTG),9107,4778732,0.001905736
AT_CG,ATAAA(TTTAT),17925,15183811,0.001180534
AT_GC,ATAAA(TTTAT),85752,15183811,0.005647594
AT_TA,ATAAA(TTTAT),26791,15183811,0.001764445
AT_CG,ATAAC(GTTAT),4736,4647469,0.001019049
AT_GC,ATAAC(GTTAT),17741,4647469,0.003817347
AT_TA,ATAAC(GTTAT),5746,4647469,0.001236372
AT_CG,ATAAG(CTTAT),7516,5703235,0.001317849
AT_GC,ATAAG(CTTAT),29710,5703235,0.005209324
AT_TA,ATAAG(CTTAT),6360,5703235,0.001115157
AT_CG,ATAAT(ATTAT),18156,10305340,0.001761805
AT_GC,ATAAT(ATTAT),45223,10305340,0.004388307
AT_TA,ATAAT(ATTAT),12947,10305340,0.001256339
AT_CG,ATACA(TGTAT),6595,8231041,0.000801235
AT_GC,ATACA(TGTAT),62917,8231041,0.007643869
AT_TA,ATACA(TGTAT),10649,8231041,0.001293761
AT_CG,ATACC(GGTAT),3059,3578138,0.000854914
AT_GC,ATACC(GGTAT),23786,3578138,0.006647592
AT_TA,ATACC(GGTAT),4242,3578138,0.001185533
AT_CG,ATACG(CGTAT),566,750245,0.00075442
AT_GC,ATACG(CGTAT),4351,750245,0.005799439
AT_TA,ATACG(CGTAT),907,750245,0.001208938
AT_CG,ATAGA(TCTAT),5566,6409027,0.000868463
AT_GC,ATAGA(TCTAT),42202,6409027,0.006584775
AT_TA,ATAGA(TCTAT),6857,6409027,0.001069897
AT_CG,ATAGC(GCTAT),3385,3761310,0.000899952
AT_GC,ATAGC(GCTAT),20193,3761310,0.005368608
AT_TA,ATAGC(GCTAT),4883,3761310,0.001298218
AT_CG,ATAGG(CCTAT),4049,3952683,0.001024367
AT_GC,ATAGG(CCTAT),23372,3952683,0.005912946
AT_TA,ATAGG(CCTAT),5267,3952683,0.001332513
AT_CG,ATATA(TATAT),11145,12362829,0.000901493
AT_GC,ATATA(TATAT),165689,12362829,0.013402191
AT_TA,ATATA(TATAT),17578,12362829,0.001421843
AT_CG,ATATC(GATAT),5498,5188704,0.001059609
AT_GC,ATATC(GATAT),47342,5188704,0.009124051
AT_TA,ATATC(GATAT),7598,5188704,0.001464335
AT_CG,ATATG(CATAT),5756,7200439,0.000799396
AT_GC,ATATG(CATAT),83200,7200439,0.011554851
AT_TA,ATATG(CATAT),12138,7200439,0.001685731
GC_AT,ATCAA(TTGAT),32500,6553893,0.004958885
GC_CG,ATCAA(TTGAT),25313,6553893,0.003862285
GC_TA,ATCAA(TTGAT),28896,6553893,0.004408983
GC_AT,ATCAC(GTGAT),37053,5707804,0.006491638
GC_CG,ATCAC(GTGAT),11907,5707804,0.002086091
GC_TA,ATCAC(GTGAT),15192,5707804,0.002661619
GC_AT,ATCAG(CTGAT),34394,5548684,0.006198587
GC_CG,ATCAG(CTGAT),18095,5548684,0.003261134
GC_TA,ATCAG(CTGAT),15145,5548684,0.002729476
GC_AT,ATCAT(ATGAT),46092,7001870,0.006582813
GC_CG,ATCAT(ATGAT),17705,7001870,0.00252861
GC_TA,ATCAT(ATGAT),33222,7001870,0.004744732
GC_AT,ATCCA(TGGAT),39301,5946516,0.00660908
GC_CG,ATCCA(TGGAT),19135,5946516,0.003217851
GC_TA,ATCCA(TGGAT),27635,5946516,0.004647259
GC_AT,ATCCC(GGGAT),45339,5027817,0.009017631
GC_CG,ATCCC(GGGAT),14286,5027817,0.002841392
GC_TA,ATCCC(GGGAT),26748,5027817,0.005320003
GC_AT,ATCCG(CGGAT),4487,659191,0.006806828
GC_CG,ATCCG(CGGAT),1865,659191,0.002829226
GC_TA,ATCCG(CGGAT),2629,659191,0.003988222
GC_AT,ATCGA(TCGAT),53777,652191,0.082455906
GC_CG,ATCGA(TCGAT),5174,652191,0.007933259
GC_TA,ATCGA(TCGAT),5562,652191,0.008528177
GC_AT,ATCGC(GCGAT),72898,847151,0.086050775
GC_CG,ATCGC(GCGAT),4247,847151,0.005013274
GC_TA,ATCGC(GCGAT),5560,847151,0.006563175
GC_AT,ATCGG(CCGAT),45323,466053,0.097248596
GC_CG,ATCGG(CCGAT),2198,466053,0.004716202
GC_TA,ATCGG(CCGAT),3346,466053,0.007179441
GC_AT,ATCTA(TAGAT),27756,5283371,0.005253464
GC_CG,ATCTA(TAGAT),25580,5283371,0.004841606
GC_TA,ATCTA(TAGAT),20084,5283371,0.003801361
GC_AT,ATCTC(GAGAT),46496,6861664,0.006776199
GC_CG,ATCTC(GAGAT),24338,6861664,0.003546953
GC_TA,ATCTC(GAGAT),24168,6861664,0.003522178
GC_AT,ATCTG(CAGAT),34250,6431977,0.005324957
GC_CG,ATCTG(CAGAT),26768,6431977,0.004161706
GC_TA,ATCTG(CAGAT),22652,6431977,0.003521779
GC_AT,TTCAT(ATGAA),60859,9687701,0.006282089
GC_CG,TTCAT(ATGAA),15237,9687701,0.001572819
GC_TA,TTCAT(ATGAA),34357,9687701,0.003546455
GC_AT,GTCAT(ATGAC),30696,4437841,0.006916877
GC_CG,GTCAT(ATGAC),7639,4437841,0.001721333
GC_TA,GTCAT(ATGAC),14318,4437841,0.003226344
GC_AT,CTCAT(ATGAG),84664,6735716,0.012569414
GC_CG,CTCAT(ATGAG),13447,6735716,0.001996373
GC_TA,CTCAT(ATGAG),17157,6735716,0.002547168
GC_AT,TGCAT(ATGCA),65691,6466337,0.01015892
GC_CG,TGCAT(ATGCA),7113,6466337,0.001100005
GC_TA,TGCAT(ATGCA),21823,6466337,0.003374863
GC_AT,GGCAT(ATGCC),45895,5022887,0.009137175
GC_CG,GGCAT(ATGCC),5407,5022887,0.001076473
GC_TA,GGCAT(ATGCC),15928,5022887,0.003171085
GC_AT,CGCAT(ATGCG),5829,653165,0.008924238
GC_CG,CGCAT(ATGCG),626,653165,0.00095841
GC_TA,CGCAT(ATGCG),1214,653165,0.001858642
GC_AT,TCCAT(ATGGA),57205,7063242,0.008098972
GC_CG,TCCAT(ATGGA),5713,7063242,0.000808835
GC_TA,TCCAT(ATGGA),14011,7063242,0.00198365
GC_AT,GCCAT(ATGGC),35765,4877427,0.00733276
GC_CG,GCCAT(ATGGC),4921,4877427,0.001008934
GC_TA,GCCAT(ATGGC),9099,4877427,0.001865533
GC_AT,CCCAT(ATGGG),49486,5489686,0.009014359
GC_CG,CCCAT(ATGGG),8288,5489686,0.00150974
GC_TA,CCCAT(ATGGG),15551,5489686,0.002832767
GC_AT,TACAT(ATGTA),100060,7160480,0.013973924
GC_CG,TACAT(ATGTA),10201,7160480,0.001424625
GC_TA,TACAT(ATGTA),19436,7160480,0.002714343
GC_AT,GACAT(ATGTC),56650,4925238,0.011501982
GC_CG,GACAT(ATGTC),6514,4925238,0.001322576
GC_TA,GACAT(ATGTC),10495,4925238,0.002130861
GC_AT,CACAT(ATGTG),96213,7568410,0.012712446
GC_CG,CACAT(ATGTG),11171,7568410,0.001476004
GC_TA,CACAT(ATGTG),17589,7568410,0.002324002
AT_CG,TTAAT(ATTAA),23790,9794050,0.002429026
AT_GC,TTAAT(ATTAA),30465,9794050,0.003110562
AT_TA,TTAAT(ATTAA),13885,9794050,0.001417697
AT_CG,GTAAT(ATTAC),9459,5843481,0.001618727
AT_GC,GTAAT(ATTAC),26101,5843481,0.004466687
AT_TA,GTAAT(ATTAC),7321,5843481,0.001252849
AT_CG,CTAAT(ATTAG),13106,5909655,0.002217727
AT_GC,CTAAT(ATTAG),37228,5909655,0.006299522
AT_TA,CTAAT(ATTAG),7016,5909655,0.00118721
AT_CG,TGAAT(ATTCA),15486,8522409,0.001817092
AT_GC,TGAAT(ATTCA),20343,8522409,0.002387001
AT_TA,TGAAT(ATTCA),11546,8522409,0.001354781
AT_CG,GGAAT(ATTCC),8895,5861465,0.001517539
AT_GC,GGAAT(ATTCC),16619,5861465,0.002835298
AT_TA,GGAAT(ATTCC),8789,5861465,0.001499454
AT_CG,CGAAT(ATTCG),1168,666143,0.001753377
AT_GC,CGAAT(ATTCG),1774,666143,0.002663092
AT_TA,CGAAT(ATTCG),884,666143,0.001327042
AT_CG,TCAAT(ATTGA),16539,6217414,0.002660109
AT_GC,TCAAT(ATTGA),27054,6217414,0.004351327
AT_TA,TCAAT(ATTGA),9233,6217414,0.001485023
AT_CG,GCAAT(ATTGC),12377,4920854,0.002515214
AT_GC,GCAAT(ATTGC),21615,4920854,0.00439253
AT_TA,GCAAT(ATTGC),6128,4920854,0.001245312
AT_CG,CCAAT(ATTGG),10303,4488075,0.002295639
AT_GC,CCAAT(ATTGG),22272,4488075,0.004962484
AT_TA,CCAAT(ATTGG),6245,4488075,0.001391465
AT_CG,TAAAT(ATTTA),38252,12464795,0.003068803
AT_GC,TAAAT(ATTTA),24637,12464795,0.001976527
AT_TA,TAAAT(ATTTA),17317,12464795,0.001389273
AT_CG,GAAAT(ATTTC),18724,10213715,0.001833221
AT_GC,GAAAT(ATTTC),23477,10213715,0.002298576
AT_TA,GAAAT(ATTTC),13796,10213715,0.001350733
AT_CG,CAAAT(ATTTG),23417,9521032,0.002459502
AT_GC,CAAAT(ATTTG),61658,9521032,0.006475979
AT_TA,CAAAT(ATTTG),16179,9521032,0.001699291
AT_CG,CAAAA(TTTTG),21199,14309143,0.0014815
AT_GC,CAAAA(TTTTG),84150,14309143,0.005880855
AT_TA,CAAAA(TTTTG),9745,14309143,0.000681033
AT_CG,CAAAC(GTTTG),10868,6201403,0.001752507
AT_GC,CAAAC(GTTTG),32499,6201403,0.005240588
AT_TA,CAAAC(GTTTG),5968,6201403,0.000962363
AT_CG,CAAAG(CTTTG),14677,8817077,0.001664611
AT_GC,CAAAG(CTTTG),48498,8817077,0.005500462
AT_TA,CAAAG(CTTTG),6702,8817077,0.000760116
AT_CG,CAACA(TGTTG),9036,7269422,0.001243015
AT_GC,CAACA(TGTTG),68487,7269422,0.009421244
AT_TA,CAACA(TGTTG),9353,7269422,0.001286622
AT_CG,CAACC(GGTTG),5988,4001505,0.001496437
AT_GC,CAACC(GGTTG),42132,4001505,0.010529038
AT_TA,CAACC(GGTTG),6640,4001505,0.001659376
AT_CG,CAACG(CGTTG),897,698895,0.001283455
AT_GC,CAACG(CGTTG),9891,698895,0.01415234
AT_TA,CAACG(CGTTG),1020,698895,0.001459447
AT_CG,CAAGA(TCTTG),9772,7389137,0.001322482
AT_GC,CAAGA(TCTTG),48578,7389137,0.006574245
AT_TA,CAAGA(TCTTG),6760,7389137,0.000914856
AT_CG,CAAGC(GCTTG),5841,4449472,0.00131274
AT_GC,CAAGC(GCTTG),27159,4449472,0.00610387
AT_TA,CAAGC(GCTTG),4684,4449472,0.001052709
AT_CG,CAAGG(CCTTG),9281,5705504,0.001626675
AT_GC,CAAGG(CCTTG),33799,5705504,0.005923929
AT_TA,CAAGG(CCTTG),6515,5705504,0.00114188
AT_CG,CAATA(TATTG),7489,6228301,0.001202415
AT_GC,CAATA(TATTG),129743,6228301,0.020831203
AT_TA,CAATA(TATTG),7611,6228301,0.001222003
AT_CG,CAATC(GATTG),4669,3957714,0.001179721
AT_GC,CAATC(GATTG),93799,3957714,0.023700298
AT_TA,CAATC(GATTG),5974,3957714,0.001509457
AT_CG,CAATG(CATTG),6329,5668997,0.001116423
AT_GC,CAATG(CATTG),168051,5668997,0.029643868
AT_TA,CAATG(CATTG),9480,5668997,0.001672253
GC_AT,CACAA(TTGTG),56449,6780411,0.008325307
GC_CG,CACAA(TTGTG),22103,6780411,0.003259832
GC_TA,CACAA(TTGTG),32709,6780411,0.004824044
GC_AT,CACAC(GTGTG),78820,7790326,0.010117677
GC_CG,CACAC(GTGTG),11312,7790326,0.001452057
GC_TA,CACAC(GTGTG),19043,7790326,0.002444442
GC_AT,CACAG(CTGTG),78238,7964363,0.00982351
GC_CG,CACAG(CTGTG),29439,7964363,0.003696341
GC_TA,CACAG(CTGTG),19513,7964363,0.002450039
GC_AT,CACCA(TGGTG),76919,7577417,0.010151084
GC_CG,CACCA(TGGTG),24380,7577417,0.003217455
GC_TA,CACCA(TGGTG),32732,7577417,0.004319678
GC_AT,CACCC(GGGTG),64125,5115336,0.012535833
GC_CG,CACCC(GGGTG),14525,5115336,0.002839501
GC_TA,CACCC(GGGTG),35547,5115336,0.006949104
GC_AT,CACCG(CGGTG),11435,1192482,0.009589243
GC_CG,CACCG(CGGTG),2905,1192482,0.002436095
GC_TA,CACCG(CGGTG),4186,1192482,0.003510326
GC_AT,CACGA(TCGTG),109525,1032322,0.106095772
GC_CG,CACGA(TCGTG),6458,1032322,0.0062558
GC_TA,CACGA(TCGTG),5604,1032322,0.005428539
GC_AT,CACGC(GCGTG),176448,1568966,0.112461328
GC_CG,CACGC(GCGTG),7146,1568966,0.004554592
GC_TA,CACGC(GCGTG),9455,1568966,0.006026262
GC_AT,CACGG(CCGTG),136151,1202459,0.113227145
GC_CG,CACGG(CCGTG),4526,1202459,0.003763954
GC_TA,CACGG(CCGTG),6357,1202459,0.005286667
GC_AT,CACTA(TAGTG),35314,3955482,0.008927863
GC_CG,CACTA(TAGTG),19271,3955482,0.004871973
GC_TA,CACTA(TAGTG),8950,3955482,0.002262683
GC_AT,CACTC(GAGTG),60666,5385670,0.011264337
GC_CG,CACTC(GAGTG),20409,5385670,0.003789501
GC_TA,CACTC(GAGTG),10264,5385670,0.001905798
GC_AT,CACTG(CAGTG),69733,8171312,0.00853388
GC_CG,CACTG(CAGTG),28883,8171312,0.003534683
GC_TA,CACTG(CAGTG),19049,8171312,0.002331205
GC_AT,TTCTG(CAGAA),53385,9986433,0.005345753
GC_CG,TTCTG(CAGAA),27522,9986433,0.002755939
GC_TA,TTCTG(CAGAA),23593,9986433,0.002362505
GC_AT,GTCTG(CAGAC),25129,4724658,0.005318692
GC_CG,GTCTG(CAGAC),17742,4724658,0.003755192
GC_TA,GTCTG(CAGAC),9933,4724658,0.002102374
GC_AT,CTCTG(CAGAG),52312,9133184,0.005727685
GC_CG,CTCTG(CAGAG),44069,9133184,0.004825152
GC_TA,CTCTG(CAGAG),13928,9133184,0.001524988
GC_AT,TGCTG(CAGCA),76758,8164920,0.009400949
GC_CG,TGCTG(CAGCA),15827,8164920,0.001938415
GC_TA,TGCTG(CAGCA),18112,8164920,0.00221827
GC_AT,GGCTG(CAGCC),57993,8333798,0.006958772
GC_CG,GGCTG(CAGCC),18046,8333798,0.002165399
GC_TA,GGCTG(CAGCC),22309,8333798,0.002676931
GC_AT,CGCTG(CAGCG),7638,1069968,0.007138531
GC_CG,CGCTG(CAGCG),2329,1069968,0.002176701
GC_TA,CGCTG(CAGCG),2039,1069968,0.001905664
GC_AT,TCCTG(CAGGA),65765,9184793,0.007160205
GC_CG,TCCTG(CAGGA),17024,9184793,0.001853498
GC_TA,TCCTG(CAGGA),13621,9184793,0.001482995
GC_AT,GCCTG(CAGGC),54267,8050686,0.006740668
GC_CG,GCCTG(CAGGC),18620,8050686,0.002312846
GC_TA,GCCTG(CAGGC),13520,8050686,0.00167936
GC_AT,CCCTG(CAGGG),49703,6602261,0.007528179
GC_CG,CCCTG(CAGGG),21596,6602261,0.003271001
GC_TA,CCCTG(CAGGG),14471,6602261,0.002191825
GC_AT,TACTG(CAGTA),50660,4897643,0.010343751
GC_CG,TACTG(CAGTA),16416,4897643,0.003351816
GC_TA,TACTG(CAGTA),10683,4897643,0.002181253
GC_AT,GACTG(CAGTC),29677,4296143,0.006907824
GC_CG,GACTG(CAGTC),12693,4296143,0.002954511
GC_TA,GACTG(CAGTC),11090,4296143,0.002581385
AT_CG,TTATG(CATAA),9472,6414837,0.001476577
AT_GC,TTATG(CATAA),56195,6414837,0.00876016
AT_TA,TTATG(CATAA),18836,6414837,0.002936318
AT_CG,GTATG(CATAC),3201,3694383,0.000866451
AT_GC,GTATG(CATAC),51971,3694383,0.014067572
AT_TA,GTATG(CATAC),8339,3694383,0.00225721
AT_CG,CTATG(CATAG),10132,4415579,0.002294603
AT_GC,CTATG(CATAG),121360,4415579,0.027484504
AT_TA,CTATG(CATAG),8369,4415579,0.001895335
AT_CG,TGATG(CATCA),7661,6398198,0.001197368
AT_GC,TGATG(CATCA),36285,6398198,0.005671128
AT_TA,TGATG(CATCA),20771,6398198,0.003246383
AT_CG,GGATG(CATCC),6904,4818191,0.001432903
AT_GC,GGATG(CATCC),28587,4818191,0.00593314
AT_TA,GGATG(CATCC),20038,4818191,0.004158822
AT_CG,CGATG(CATCG),691,698100,0.00098983
AT_GC,CGATG(CATCG),3886,698100,0.005566538
AT_TA,CGATG(CATCG),1597,698100,0.002287638
AT_CG,TCATG(CATGA),18022,6622238,0.002721436
AT_GC,TCATG(CATGA),72415,6622238,0.010935125
AT_TA,TCATG(CATGA),20418,6622238,0.003083248
AT_CG,GCATG(CATGC),16504,5338132,0.003091718
AT_GC,GCATG(CATGC),72122,5338132,0.013510719
AT_TA,GCATG(CATGC),13806,5338132,0.002586298
AT_CG,CCATG(CATGG),12339,6457659,0.001910754
AT_GC,CCATG(CATGG),98395,6457659,0.015236946
AT_TA,CCATG(CATGG),14886,6457659,0.00230517
AT_CG,TAATG(CATTA),9100,6316206,0.001440738
AT_GC,TAATG(CATTA),40550,6316206,0.006419993
AT_TA,TAATG(CATTA),8983,6316206,0.001422215
AT_CG,GAATG(CATTC),8834,6531703,0.00135248
AT_GC,GAATG(CATTC),40836,6531703,0.006251968
AT_TA,GAATG(CATTC),7687,6531703,0.001176875
AT_CG,CCAAA(TTTGG),21462,8797690,0.002439504
AT_GC,CCAAA(TTTGG),43541,8797690,0.00494914
AT_TA,CCAAA(TTTGG),7386,8797690,0.000839539
AT_CG,CCAAC(GTTGG),7167,4283892,0.001673011
AT_GC,CCAAC(GTTGG),14600,4283892,0.003408116
AT_TA,CCAAC(GTTGG),3971,4283892,0.000926961
AT_CG,CCAAG(CTTGG),11780,6215020,0.001895408
AT_GC,CCAAG(CTTGG),31857,6215020,0.005125808
AT_TA,CCAAG(CTTGG),5126,6215020,0.000824776
AT_CG,CCACA(TGTGG),11415,6936612,0.001645616
AT_GC,CCACA(TGTGG),40112,6936612,0.00578265
AT_TA,CCACA(TGTGG),9145,6936612,0.001318367
AT_CG,CCACC(GGTGG),10638,7036168,0.001511903
AT_GC,CCACC(GGTGG),28649,7036168,0.004071677
AT_TA,CCACC(GGTGG),8064,7036168,0.001146078
AT_CG,CCACG(CGTGG),1955,1477115,0.001323526
AT_GC,CCACG(CGTGG),7344,1477115,0.004971854
AT_TA,CCACG(CGTGG),1755,1477115,0.001188127
AT_CG,CCAGA(TCTGG),8697,6724803,0.001293272
AT_GC,CCAGA(TCTGG),41763,6724803,0.006210293
AT_TA,CCAGA(TCTGG),6849,6724803,0.001018468
AT_CG,CCAGC(GCTGG),11184,8651200,0.001292769
AT_GC,CCAGC(GCTGG),39820,8651200,0.00460283
AT_TA,CCAGC(GCTGG),9949,8651200,0.001150014
AT_CG,CCAGG(CCTGG),13972,9301940,0.001502052
AT_GC,CCAGG(CCTGG),62526,9301940,0.006721824
AT_TA,CCAGG(CCTGG),12274,9301940,0.00131951
AT_CG,CCATA(TATGG),7884,4330569,0.001820546
AT_GC,CCATA(TATGG),82471,4330569,0.019043918
AT_TA,CCATA(TATGG),9115,4330569,0.002104804
AT_CG,CCATC(GATGG),9074,5723496,0.001585395
AT_GC,CCATC(GATGG),65561,5723496,0.011454712
AT_TA,CCATC(GATGG),11514,5723496,0.002011708
GC_AT,CCCAA(TTGGG),41123,6485844,0.006340424
GC_CG,CCCAA(TTGGG),17633,6485844,0.00271869
GC_TA,CCCAA(TTGGG),21696,6485844,0.003345131
GC_AT,CCCAC(GTGGG),55156,5747626,0.00959631
GC_CG,CCCAC(GTGGG),14404,5747626,0.002506078
GC_TA,CCCAC(GTGGG),22328,5747626,0.003884734
GC_AT,CCCAG(CTGGG),80042,10445221,0.007663026
GC_CG,CCCAG(CTGGG),21446,10445221,0.002053188
GC_TA,CCCAG(CTGGG),27145,10445221,0.002598796
GC_AT,CCCCA(TGGGG),55751,6715439,0.008301914
GC_CG,CCCCA(TGGGG),28866,6715439,0.004298453
GC_TA,CCCCA(TGGGG),22703,6715439,0.003380717
GC_AT,CCCCC(GGGGG),40546,3697273,0.010966461
GC_CG,CCCCC(GGGGG),17037,3697273,0.004607991
GC_TA,CCCCC(GGGGG),16652,3697273,0.00450386
GC_AT,CCCCG(CGGGG),11235,1453449,0.007729889
GC_CG,CCCCG(CGGGG),4377,1453449,0.003011458
GC_TA,CCCCG(CGGGG),4152,1453449,0.002856653
GC_AT,CCCGA(TCGGG),93662,1002804,0.093400106
GC_CG,CCCGA(TCGGG),7766,1002804,0.007744285
GC_TA,CCCGA(TCGGG),5299,1002804,0.005284183
GC_AT,CCCGC(GCGGG),117339,1349680,0.086938385
GC_CG,CCCGC(GCGGG),6878,1349680,0.005096023
GC_TA,CCCGC(GCGGG),7530,1349680,0.0055791
GC_AT,CCCGG(CCGGG),181599,1848784,0.098226185
GC_CG,CCCGG(CCGGG),9650,1848784,0.005219647
GC_TA,CCCGG(CCGGG),9042,1848784,0.004890782
GC_AT,CCCTA(TAGGG),30417,3324294,0.009149913
GC_CG,CCCTA(TAGGG),14300,3324294,0.004301665
GC_TA,CCCTA(TAGGG),8225,3324294,0.00247421
GC_AT,CCCTC(GAGGG),62937,5436580,0.011576579
GC_CG,CCCTC(GAGGG),22106,5436580,0.004066159
GC_TA,CCCTC(GAGGG),14014,5436580,0.002577723
GC_AT,TTCGG(CCGAA),72143,669510,0.107754925
GC_CG,TTCGG(CCGAA),2115,669510,0.003159027
GC_TA,TTCGG(CCGAA),3386,669510,0.00505743
GC_AT,GTCGG(CCGAC),44786,507634,0.088224981
GC_CG,GTCGG(CCGAC),2313,507634,0.004556432
GC_TA,GTCGG(CCGAC),3054,507634,0.006016145
GC_AT,CTCGG(CCGAG),147497,1639460,0.089966818
GC_CG,CTCGG(CCGAG),7463,1639460,0.004552109
GC_TA,CTCGG(CCGAG),6599,1639460,0.004025106
GC_AT,TGCGG(CCGCA),91753,887434,0.103391351
GC_CG,TGCGG(CCGCA),2561,887434,0.002885848
GC_TA,TGCGG(CCGCA),9538,887434,0.010747842
GC_AT,GGCGG(CCGCC),147964,1765701,0.083799012
GC_CG,GGCGG(CCGCC),4140,1765701,0.002344678
GC_TA,GGCGG(CCGCC),12785,1765701,0.00724075
GC_AT,CGCGG(CCGCG),28601,452093,0.063263532
GC_CG,CGCGG(CCGCG),1420,452093,0.003140947
GC_TA,CGCGG(CCGCG),2145,452093,0.004744599
GC_AT,TCCGG(CCGGA),79230,726466,0.109062227
GC_CG,TCCGG(CCGGA),2091,726466,0.002878318
GC_TA,TCCGG(CCGGA),2770,726466,0.00381298
GC_AT,GCCGG(CCGGC),115966,1252039,0.092621715
GC_CG,GCCGG(CCGGC),5471,1252039,0.004369672
GC_TA,GCCGG(CCGGC),5513,1252039,0.004403217
GC_AT,TACGG(CCGTA),68502,509469,0.134457641
GC_CG,TACGG(CCGTA),1714,509469,0.003364287
GC_TA,TACGG(CCGTA),2901,509469,0.005694164
GC_AT,GACGG(CCGTC),120489,1042464,0.11558097
GC_CG,GACGG(CCGTC),2748,1042464,0.002636062
GC_TA,GACGG(CCGTC),3813,1042464,0.00365768
AT_CG,TTAGG(CCTAA),6737,4505671,0.001495227
AT_GC,TTAGG(CCTAA),20825,4505671,0.004621953
AT_TA,TTAGG(CCTAA),5830,4505671,0.001293925
AT_CG,GTAGG(CCTAC),3155,3008922,0.001048548
AT_GC,GTAGG(CCTAC),19495,3008922,0.006479065
AT_TA,GTAGG(CCTAC),4210,3008922,0.001399172
AT_CG,CTAGG(CCTAG),4999,3795954,0.001316928
AT_GC,CTAGG(CCTAG),28543,3795954,0.007519322
AT_TA,CTAGG(CCTAG),3922,3795954,0.001033205
AT_CG,TGAGG(CCTCA),9515,7803020,0.0012194
AT_GC,TGAGG(CCTCA),24149,7803020,0.003094827
AT_TA,TGAGG(CCTCA),9747,7803020,0.001249132
AT_CG,GGAGG(CCTCC),11266,9143348,0.001232153
AT_GC,GGAGG(CCTCC),29963,9143348,0.003277027
AT_TA,GGAGG(CCTCC),14152,9143348,0.001547792
AT_CG,CGAGG(CCTCG),1751,1377716,0.001270944
AT_GC,CGAGG(CCTCG),4006,1377716,0.002907711
AT_TA,CGAGG(CCTCG),1634,1377716,0.001186021
AT_CG,TCAGG(CCTGA),11088,7035775,0.001575946
AT_GC,TCAGG(CCTGA),44396,7035775,0.006310037
AT_TA,TCAGG(CCTGA),9306,7035775,0.001322669
AT_CG,GCAGG(CCTGC),11618,6406523,0.001813464
AT_GC,GCAGG(CCTGC),34367,6406523,0.005364376
AT_TA,GCAGG(CCTGC),8855,6406523,0.001382185
AT_CG,TAAGG(CCTTA),8470,4246800,0.001994443
AT_GC,TAAGG(CCTTA),14397,4246800,0.003390082
AT_TA,TAAGG(CCTTA),4834,4246800,0.001138269
AT_CG,GAAGG(CCTTC),10967,6465841,0.001696144
AT_GC,GAAGG(CCTTC),24133,6465841,0.003732384
AT_TA,GAAGG(CCTTC),6619,6465841,0.001023687
AT_CG,CGAAA(TTTCG),1479,892084,0.001657916
AT_GC,CGAAA(TTTCG),3991,892084,0.004473794
AT_TA,CGAAA(TTTCG),886,892084,0.00099318
AT_CG,CGAAC(GTTCG),678,595887,0.0011378
AT_GC,CGAAC(GTTCG),1480,595887,0.002483692
AT_TA,CGAAC(GTTCG),544,595887,0.000912925
AT_CG,CGAAG(CTTCG),1026,766673,0.00133825
AT_GC,CGAAG(CTTCG),2045,766673,0.002667369
AT_TA,CGAAG(CTTCG),655,766673,0.000854341
AT_CG,CGACA(TGTCG),711,716881,0.000991796
AT_GC,CGACA(TGTCG),3380,716881,0.004714869
AT_TA,CGACA(TGTCG),1038,716881,0.001447939
AT_CG,CGACC(GGTCG),601,482618,0.001245291
AT_GC,CGACC(GGTCG),2008,482618,0.004160641
AT_TA,CGACC(GGTCG),710,482618,0.001471143
AT_CG,CGACG(CGTCG),161,147011,0.001095156
AT_GC,CGACG(CGTCG),584,147011,0.003972492
AT_TA,CGACG(CGTCG),260,147011,0.001768575
AT_CG,CGAGA(TCTCG),1862,1546544,0.001203975
AT_GC,CGAGA(TCTCG),4640,1546544,0.003000238
AT_TA,CGAGA(TCTCG),1362,1546544,0.000880673
AT_CG,CGAGC(GCTCG),722,636368,0.001134564
AT_GC,CGAGC(GCTCG),2213,636368,0.003477548
AT_TA,CGAGC(GCTCG),659,636368,0.001035564
AT_CG,CGATA(TATCG),614,479462,0.001280602
AT_GC,CGATA(TATCG),3809,479462,0.007944321
AT_TA,CGATA(TATCG),1046,479462,0.002181612
AT_CG,CGATC(GATCG),905,747862,0.001210116
AT_GC,CGATC(GATCG),3252,747862,0.004348396
AT_TA,CGATC(GATCG),1392,747862,0.001861306
GC_AT,CGCAA(TTGCG),4492,622510,0.007215948
GC_CG,CGCAA(TTGCG),1212,622510,0.001946957
GC_TA,CGCAA(TTGCG),1516,622510,0.002435302
GC_AT,CGCAC(GTGCG),8710,781144,0.011150313
GC_CG,CGCAC(GTGCG),888,781144,0.001136794
GC_TA,CGCAC(GTGCG),1394,781144,0.001784562
GC_AT,CGCAG(CTGCG),8072,1028159,0.007850926
GC_CG,CGCAG(CTGCG),1637,1028159,0.001592166
GC_TA,CGCAG(CTGCG),2284,1028159,0.002221446
GC_AT,CGCCA(TGGCG),10424,1311745,0.007946666
GC_CG,CGCCA(TGGCG),1982,1311745,0.001510964
GC_TA,CGCCA(TGGCG),2998,1311745,0.002285505
GC_AT,CGCCC(GGGCG),16283,1539653,0.01057576
GC_CG,CGCCC(GGGCG),2669,1539653,0.001733507
GC_TA,CGCCC(GGGCG),5130,1539653,0.00333192
GC_AT,CGCCG(CGGCG),2946,385783,0.007636417
GC_CG,CGCCG(CGGCG),735,385783,0.001905216
GC_TA,CGCCG(CGGCG),839,385783,0.002174798
GC_AT,CGCGA(TCGCG),17679,221375,0.079859966
GC_CG,CGCGA(TCGCG),1014,221375,0.004580463
GC_TA,CGCGA(TCGCG),915,221375,0.004133258
GC_AT,CGCGC(GCGCG),36116,515322,0.070084336
GC_CG,CGCGC(GCGCG),1297,515322,0.002516873
GC_TA,CGCGC(GCGCG),1808,515322,0.003508486
GC_AT,CGCTA(TAGCG),4106,438473,0.009364317
GC_CG,CGCTA(TAGCG),1124,438473,0.002563442
GC_TA,CGCTA(TAGCG),881,438473,0.002009246
GC_AT,CGCTC(GAGCG),9641,886192,0.010879132
GC_CG,CGCTC(GAGCG),1954,886192,0.00220494
GC_TA,CGCTC(GAGCG),1668,886192,0.001882211
GC_AT,TTCCG(CGGAA),5275,767886,0.006869509
GC_CG,TTCCG(CGGAA),2099,767886,0.002733479
GC_TA,TTCCG(CGGAA),1987,767886,0.002587624
GC_AT,GTCCG(CGGAC),2972,473534,0.006276212
GC_CG,GTCCG(CGGAC),1189,473534,0.002510907
GC_TA,GTCCG(CGGAC),1354,473534,0.002859351
GC_AT,CTCCG(CGGAG),8193,1298419,0.006309982
GC_CG,CTCCG(CGGAG),3813,1298419,0.002936648
GC_TA,CTCCG(CGGAG),2812,1298419,0.002165711
GC_AT,TGCCG(CGGCA),10285,826020,0.012451272
GC_CG,TGCCG(CGGCA),1131,826020,0.001369216
GC_TA,TGCCG(CGGCA),2978,826020,0.00360524
GC_AT,GGCCG(CGGCC),12285,1376205,0.008926722
GC_CG,GGCCG(CGGCC),2002,1376205,0.001454725
GC_TA,GGCCG(CGGCC),4399,1376205,0.003196471
GC_AT,TCCCG(CGGGA),10000,1400282,0.007141419
GC_CG,TCCCG(CGGGA),2531,1400282,0.001807493
GC_TA,TCCCG(CGGGA),2714,1400282,0.001938181
GC_AT,GCCCG(CGGGC),9280,1335898,0.006946638
GC_CG,GCCCG(CGGGC),2375,1335898,0.00177783
GC_TA,GCCCG(CGGGC),2887,1335898,0.002161093
GC_AT,TACCG(CGGTA),4626,437920,0.010563573
GC_CG,TACCG(CGGTA),1044,437920,0.002383997
GC_TA,TACCG(CGGTA),1871,437920,0.00427247
GC_AT,GACCG(CGGTC),4197,491747,0.008534877
GC_CG,GACCG(CGGTC),1228,491747,0.002497219
GC_TA,GACCG(CGGTC),2161,491747,0.004394536
AT_CG,TTACG(CGTAA),749,667528,0.00112205
AT_GC,TTACG(CGTAA),2902,667528,0.004347383
AT_TA,TTACG(CGTAA),835,667528,0.001250884
AT_CG,GTACG(CGTAC),306,374387,0.000817336
AT_GC,GTACG(CGTAC),2479,374387,0.006621491
AT_TA,GTACG(CGTAC),512,374387,0.001367569
AT_CG,CTACG(CGTAG),667,548533,0.001215971
AT_GC,CTACG(CGTAG),5709,548533,0.01040776
AT_TA,CTACG(CGTAG),660,548533,0.001203209
AT_CG,TGACG(CGTCA),642,717660,0.000894574
AT_GC,TGACG(CGTCA),3462,717660,0.004824011
AT_TA,TGACG(CGTCA),1311,717660,0.00182677
AT_CG,GGACG(CGTCC),683,701534,0.000973581
AT_GC,GGACG(CGTCC),3697,701534,0.00526988
AT_TA,GGACG(CGTCC),1272,701534,0.001813169
AT_CG,TCACG(CGTGA),2315,1481376,0.001562736
AT_GC,TCACG(CGTGA),5625,1481376,0.003797145
AT_TA,TCACG(CGTGA),2051,1481376,0.001384524
AT_CG,GCACG(CGTGC),1784,1051597,0.001696467
AT_GC,GCACG(CGTGC),5666,1051597,0.005387996
AT_TA,GCACG(CGTGC),1424,1051597,0.001354131
AT_CG,TAACG(CGTTA),618,606177,0.001019504
AT_GC,TAACG(CGTTA),2121,606177,0.003498978
AT_TA,TAACG(CGTTA),719,606177,0.001186122
AT_CG,GAACG(CGTTC),702,680127,0.00103216
AT_GC,GAACG(CGTTC),3215,680127,0.004727058
AT_TA,GAACG(CGTTC),710,680127,0.001043923
AT_CG,CTAAA(TTTAG),10233,7593277,0.001347639
AT_GC,CTAAA(TTTAG),64444,7593277,0.008486981
AT_TA,CTAAA(TTTAG),7919,7593277,0.001042896
AT_CG,CTAAC(GTTAG),4762,3193726,0.001491048
AT_GC,CTAAC(GTTAG),15990,3193726,0.005006691
AT_TA,CTAAC(GTTAG),3114,3193726,0.000975037
AT_CG,CTAAG(CTTAG),6755,4194595,0.001610406
AT_GC,CTAAG(CTTAG),27098,4194595,0.006460218
AT_TA,CTAAG(CTTAG),3550,4194595,0.000846327
AT_CG,CTACA(TGTAG),5666,5164838,0.001097033
AT_GC,CTACA(TGTAG),57113,5164838,0.011058043
AT_TA,CTACA(TGTAG),5945,5164838,0.001151053
AT_CG,CTACC(GGTAG),4827,3165628,0.001524816
AT_GC,CTACC(GGTAG),25319,3165628,0.007998097
AT_TA,CTACC(GGTAG),4252,3165628,0.001343177
AT_CG,CTAGA(TCTAG),4263,4682561,0.000910399
AT_GC,CTAGA(TCTAG),41753,4682561,0.008916702
AT_TA,CTAGA(TCTAG),3961,4682561,0.000845905
AT_CG,CTAGC(GCTAG),2976,2790225,0.001066581
AT_GC,CTAGC(GCTAG),17446,2790225,0.006252542
AT_TA,CTAGC(GCTAG),2876,2790225,0.001030741
AT_CG,CTATA(TATAG),11629,4939636,0.002354222
AT_GC,CTATA(TATAG),136275,4939636,0.027588065
AT_TA,CTATA(TATAG),7266,4939636,0.001470959
AT_CG,CTATC(GATAG),11851,3346082,0.003541754
AT_GC,CTATC(GATAG),75407,3346082,0.022535909
AT_TA,CTATC(GATAG),5350,3346082,0.001598885
GC_AT,CTCAA(TTGAG),46949,7362646,0.006376648
GC_CG,CTCAA(TTGAG),30525,7362646,0.004145928
GC_TA,CTCAA(TTGAG),16315,7362646,0.002215915
GC_AT,CTCAC(GTGAG),69312,6601976,0.010498675
GC_CG,CTCAC(GTGAG),13540,6601976,0.002050901
GC_TA,CTCAC(GTGAG),13569,6601976,0.002055294
GC_AT,CTCAG(CTGAG),70731,8875037,0.007969657
GC_CG,CTCAG(CTGAG),23955,8875037,0.002699144
GC_TA,CTCAG(CTGAG),14301,8875037,0.001611374
GC_AT,CTCCA(TGGAG),55956,7980394,0.007011684
GC_CG,CTCCA(TGGAG),32231,7980394,0.004038773
GC_TA,CTCCA(TGGAG),20063,7980394,0.002514036
GC_AT,CTCCC(GGGAG),76633,8108330,0.009451145
GC_CG,CTCCC(GGGAG),25608,8108330,0.003158234
GC_TA,CTCCC(GGGAG),22109,8108330,0.002726702
GC_AT,CTCGA(TCGAG),76827,971757,0.079059888
GC_CG,CTCGA(TCGAG),7783,971757,0.008009204
GC_TA,CTCGA(TCGAG),3734,971757,0.003842524
GC_AT,CTCGC(GCGAG),71177,876401,0.081215106
GC_CG,CTCGC(GCGAG),3988,876401,0.004550428
GC_TA,CTCGC(GCGAG),3471,876401,0.003960516
GC_AT,CTCTA(TAGAG),36641,5539836,0.006614095
GC_CG,CTCTA(TAGAG),44042,5539836,0.007950055
GC_TA,CTCTA(TAGAG),9898,5539836,0.001786695
GC_AT,CTCTC(GAGAG),62062,7217119,0.008599276
GC_CG,CTCTC(GAGAG),50453,7217119,0.00699074
GC_TA,CTCTC(GAGAG),12152,7217119,0.001683774
GC_AT,TTCAG(CTGAA),49787,8032862,0.006197916
GC_CG,TTCAG(CTGAA),16402,8032862,0.002041863
GC_TA,TTCAG(CTGAA),14899,8032862,0.001854756
GC_AT,GTCAG(CTGAC),28866,4762408,0.006061219
GC_CG,GTCAG(CTGAC),13195,4762408,0.002770657
GC_TA,GTCAG(CTGAC),9464,4762408,0.00198723
GC_AT,TGCAG(CTGCA),84770,8267102,0.010253896
GC_CG,TGCAG(CTGCA),11189,8267102,0.001353437
GC_TA,TGCAG(CTGCA),30206,8267102,0.003653759
GC_AT,GGCAG(CTGCC),58284,7318953,0.007963434
GC_CG,GGCAG(CTGCC),13761,7318953,0.001880187
GC_TA,GGCAG(CTGCC),31257,7318953,0.004270693
GC_AT,TCCAG(CTGGA),60706,7797854,0.007784962
GC_CG,TCCAG(CTGGA),7969,7797854,0.001021948
GC_TA,TCCAG(CTGGA),11505,7797854,0.001475406
GC_AT,GCCAG(CTGGC),42679,6280117,0.006795892
GC_CG,GCCAG(CTGGC),9262,6280117,0.001474813
GC_TA,GCCAG(CTGGC),10560,6280117,0.001681497
GC_AT,TACAG(CTGTA),95227,6856765,0.013888036
GC_CG,TACAG(CTGTA),24016,6856765,0.003502526
GC_TA,TACAG(CTGTA),16156,6856765,0.002356213
GC_AT,GACAG(CTGTC),51700,6014464,0.008595945
GC_CG,GACAG(CTGTC),27807,6014464,0.004623355
GC_TA,GACAG(CTGTC),14444,6014464,0.002401544
AT_CG,TTAAG(CTTAA),13692,6339627,0.002159749
AT_GC,TTAAG(CTTAA),21592,6339627,0.003405879
AT_TA,TTAAG(CTTAA),6796,6339627,0.001071987
AT_CG,GTAAG(CTTAC),4874,3685866,0.001322349
AT_GC,GTAAG(CTTAC),21561,3685866,0.005849643
AT_TA,GTAAG(CTTAC),4361,3685866,0.001183168
AT_CG,TGAAG(CTTCA),10956,7505834,0.001459665
AT_GC,TGAAG(CTTCA),18200,7505834,0.002424781
AT_TA,TGAAG(CTTCA),6828,7505834,0.000909692
AT_CG,GGAAG(CTTCC),9260,7620391,0.001215161
AT_GC,GGAAG(CTTCC),23079,7620391,0.003028585
AT_TA,GGAAG(CTTCC),7664,7620391,0.001005723
AT_CG,TCAAG(CTTGA),15245,6678316,0.002282761
AT_GC,TCAAG(CTTGA),27430,6678316,0.004107323
AT_TA,TCAAG(CTTGA),6039,6678316,0.00090427
AT_CG,GCAAG(CTTGC),9021,4641257,0.001943654
AT_GC,GCAAG(CTTGC),17485,4641257,0.003767298
AT_TA,GCAAG(CTTGC),3883,4641257,0.000836627
AT_CG,TAAAG(CTTTA),16850,7788796,0.002163364
AT_GC,TAAAG(CTTTA),18626,7788796,0.002391384
AT_TA,TAAAG(CTTTA),5615,7788796,0.000720907
AT_CG,GAAAG(CTTTC),14688,8562839,0.001715319
AT_GC,GAAAG(CTTTC),26266,8562839,0.003067441
AT_TA,GAAAG(CTTTC),5088,8562839,0.000594195
AT_CG,GAAAA(TTTTC),18978,14534823,0.001305692
AT_GC,GAAAA(TTTTC),48969,14534823,0.003369081
AT_TA,GAAAA(TTTTC),10458,14534823,0.000719513
AT_CG,GAAAC(GTTTC),9467,6588875,0.001436816
AT_GC,GAAAC(GTTTC),15176,6588875,0.002303276
AT_TA,GAAAC(GTTTC),4625,6588875,0.000701941
AT_CG,GAACA(TGTTC),6990,6067590,0.001152022
AT_GC,GAACA(TGTTC),36621,6067590,0.00603551
AT_TA,GAACA(TGTTC),7837,6067590,0.001291617
AT_CG,GAACC(GGTTC),4378,3576058,0.001224253
AT_GC,GAACC(GGTTC),17917,3576058,0.005010265
AT_TA,GAACC(GGTTC),4728,3576058,0.001322126
AT_CG,GAAGA(TCTTC),13362,8230049,0.001623563
AT_GC,GAAGA(TCTTC),37617,8230049,0.00457069
AT_TA,GAAGA(TCTTC),7113,8230049,0.000864272
AT_CG,GAAGC(GCTTC),7614,4778932,0.001593243
AT_GC,GAAGC(GCTTC),21219,4778932,0.004440113
AT_TA,GAAGC(GCTTC),4162,4778932,0.000870906
AT_CG,GAATA(TATTC),14519,6605656,0.002197965
AT_GC,GAATA(TATTC),49701,6605656,0.007524007
AT_TA,GAATA(TATTC),8147,6605656,0.001233337
AT_CG,GAATC(GATTC),9853,4393810,0.002242473
AT_GC,GAATC(GATTC),23433,4393810,0.005333185
AT_TA,GAATC(GATTC),6000,4393810,0.001365557
GC_AT,GACAA(TTGTC),38311,5147899,0.007442065
GC_CG,GACAA(TTGTC),15893,5147899,0.003087279
GC_TA,GACAA(TTGTC),30092,5147899,0.005845492
GC_AT,GACAC(GTGTC),36008,3858659,0.009331739
GC_CG,GACAC(GTGTC),5635,3858659,0.001460352
GC_TA,GACAC(GTGTC),9270,3858659,0.002402389
GC_AT,GACCA(TGGTC),38514,4331601,0.008891401
GC_CG,GACCA(TGGTC),12933,4331601,0.002985732
GC_TA,GACCA(TGGTC),23199,4331601,0.005355756
GC_AT,GACCC(GGGTC),30975,2958063,0.010471379
GC_CG,GACCC(GGGTC),6468,2958063,0.002186566
GC_TA,GACCC(GGGTC),25996,2958063,0.008788183
GC_AT,GACGA(TCGTC),71258,592605,0.120245357
GC_CG,GACGA(TCGTC),2727,592605,0.004601716
GC_TA,GACGA(TCGTC),2927,592605,0.004939209
GC_AT,GACGC(GCGTC),63110,534536,0.118065013
GC_CG,GACGC(GCGTC),1937,534536,0.003623704
GC_TA,GACGC(GCGTC),2323,534536,0.004345825
GC_AT,GACTA(TAGTC),24899,3210570,0.007755321
GC_CG,GACTA(TAGTC),11574,3210570,0.003604967
GC_TA,GACTA(TAGTC),7849,3210570,0.002444737
GC_AT,GACTC(GAGTC),34253,3666844,0.009341275
GC_CG,GACTC(GAGTC),10443,3666844,0.002847953
GC_TA,GACTC(GAGTC),7752,3666844,0.00211408
GC_AT,TTCTC(GAGAA),67656,9812519,0.006894866
GC_CG,TTCTC(GAGAA),29695,9812519,0.003026236
GC_TA,TTCTC(GAGAA),36519,9812519,0.003721674
GC_AT,GTCTC(GAGAC),40629,6191779,0.006561765
GC_CG,GTCTC(GAGAC),22999,6191779,0.003714441
GC_TA,GTCTC(GAGAC),14347,6191779,0.002317105
GC_AT,TGCTC(GAGCA),63973,5177385,0.012356238
GC_CG,TGCTC(GAGCA),11282,5177385,0.002179092
GC_TA,TGCTC(GAGCA),11628,5177385,0.002245921
GC_AT,GGCTC(GAGCC),51776,5120895,0.010110733
GC_CG,GGCTC(GAGCC),10912,5120895,0.002130878
GC_TA,GGCTC(GAGCC),15161,5120895,0.002960615
GC_AT,TCCTC(GAGGA),74640,6890867,0.010831728
GC_CG,TCCTC(GAGGA),15960,6890867,0.002316109
GC_TA,TCCTC(GAGGA),11489,6890867,0.001667279
GC_AT,GCCTC(GAGGC),77834,7511332,0.01036221
GC_CG,GCCTC(GAGGC),16893,7511332,0.002249002
GC_TA,GCCTC(GAGGC),13282,7511332,0.001768262
GC_AT,TACTC(GAGTA),49501,3918954,0.012631177
GC_CG,TACTC(GAGTA),12258,3918954,0.003127875
GC_TA,TACTC(GAGTA),8212,3918954,0.002095457
AT_CG,TTATC(GATAA),8979,5482074,0.001637884
AT_GC,TTATC(GATAA),45884,5482074,0.008369825
AT_TA,TTATC(GATAA),16743,5482074,0.003054136
AT_CG,GTATC(GATAC),2325,2872682,0.000809348
AT_GC,GTATC(GATAC),36594,2872682,0.012738618
AT_TA,GTATC(GATAC),5743,2872682,0.001999177
AT_CG,TGATC(GATCA),5652,4790575,0.001179817
AT_GC,TGATC(GATCA),24048,4790575,0.005019857
AT_TA,TGATC(GATCA),16129,4790575,0.003366819
AT_CG,GGATC(GATCC),5116,3152521,0.001622828
AT_GC,GGATC(GATCC),14022,3152521,0.004447869
AT_TA,GGATC(GATCC),11736,3152521,0.003722735
AT_CG,TCATC(GATGA),12253,5600209,0.002187954
AT_GC,TCATC(GATGA),48082,5600209,0.008585751
AT_TA,TCATC(GATGA),18070,5600209,0.003226665
AT_CG,GCATC(GATGC),8552,3383598,0.002527487
AT_GC,GCATC(GATGC),30346,3383598,0.00896856
AT_TA,GCATC(GATGC),8599,3383598,0.002541378
AT_CG,TAATC(GATTA),7254,5570534,0.001302209
AT_GC,TAATC(GATTA),30648,5570534,0.005501806
AT_TA,TAATC(GATTA),7915,5570534,0.001420869
AT_CG,GCAAA(TTTGC),14470,7105435,0.002036469
AT_GC,GCAAA(TTTGC),27072,7105435,0.003810041
AT_TA,GCAAA(TTTGC),5924,7105435,0.000833728
AT_CG,GCAAC(GTTGC),7647,3707129,0.002062782
AT_GC,GCAAC(GTTGC),11421,3707129,0.003080821
AT_TA,GCAAC(GTTGC),3242,3707129,0.000874531
AT_CG,GCACA(TGTGC),12345,5450449,0.002264951
AT_GC,GCACA(TGTGC),28277,5450449,0.005188013
AT_TA,GCACA(TGTGC),7480,5450449,0.001372364
AT_CG,GCACC(GGTGC),6928,3575728,0.001937508
AT_GC,GCACC(GGTGC),16585,3575728,0.004638216
AT_TA,GCACC(GGTGC),4660,3575728,0.001303231
AT_CG,GCAGA(TCTGC),11429,6633918,0.001722813
AT_GC,GCAGA(TCTGC),34242,6633918,0.005161656
AT_TA,GCAGA(TCTGC),7014,6633918,0.001057294
AT_CG,GCAGC(GCTGC),7954,4915146,0.001618263
AT_GC,GCAGC(GCTGC),20570,4915146,0.004185023
AT_TA,GCAGC(GCTGC),6437,4915146,0.001309625
AT_CG,GCATA(TATGC),11159,3796843,0.002939021
AT_GC,GCATA(TATGC),60573,3796843,0.015953517
AT_TA,GCATA(TATGC),9443,3796843,0.002487066
GC_AT,GCCAA(TTGGC),31140,5201639,0.005986575
GC_CG,GCCAA(TTGGC),9633,5201639,0.001851916
GC_TA,GCCAA(TTGGC),11242,5201639,0.002161242
GC_AT,GCCAC(GTGGC),38706,5397030,0.007171722
GC_CG,GCCAC(GTGGC),4955,5397030,0.000918098
GC_TA,GCCAC(GTGGC),9107,5397030,0.00168741
GC_AT,GCCCA(TGGGC),43435,5721378,0.007591703
GC_CG,GCCCA(TGGGC),12220,5721378,0.002135849
GC_TA,GCCCA(TGGGC),13751,5721378,0.002403442
GC_AT,GCCCC(GGGGC),39089,3717709,0.010514271
GC_CG,GCCCC(GGGGC),8166,3717709,0.002196514
GC_TA,GCCCC(GGGGC),12754,3717709,0.003430607
GC_AT,GCCGA(TCGGC),101146,1115720,0.090655362
GC_CG,GCCGA(TCGGC),5567,1115720,0.004989603
GC_TA,GCCGA(TCGGC),5026,1115720,0.004504714
GC_AT,GCCGC(GCGGC),65615,859481,0.076342583
GC_CG,GCCGC(GCGGC),2754,859481,0.003204259
GC_TA,GCCGC(GCGGC),3945,859481,0.004589979
GC_AT,GCCTA(TAGGC),25219,3042195,0.008289738
GC_CG,GCCTA(TAGGC),8823,3042195,0.002900209
GC_TA,GCCTA(TAGGC),5380,3042195,0.00176846
GC_AT,TTCGC(GCGAA),57743,558211,0.103442963
GC_CG,TTCGC(GCGAA),1678,558211,0.003006032
GC_TA,TTCGC(GCGAA),2556,558211,0.004578914
GC_AT,GTCGC(GCGAC),41269,511554,0.08067379
GC_CG,GTCGC(GCGAC),1822,511554,0.003561696
GC_TA,GTCGC(GCGAC),2536,511554,0.004957443
GC_AT,TGCGC(GCGCA),78588,743314,0.105726517
GC_CG,TGCGC(GCGCA),2166,743314,0.002913977
GC_TA,TGCGC(GCGCA),7215,743314,0.00970653
GC_AT,GGCGC(GCGCC),106316,1242915,0.085537627
GC_CG,GGCGC(GCGCC),3135,1242915,0.002522296
GC_TA,GGCGC(GCGCC),8353,1242915,0.006720492
GC_AT,TCCGC(GCGGA),104527,956275,0.109306423
GC_CG,TCCGC(GCGGA),2191,956275,0.002291182
GC_TA,TCCGC(GCGGA),3268,956275,0.003417427
GC_AT,TACGC(GCGTA),55512,403975,0.137414444
GC_CG,TACGC(GCGTA),1762,403975,0.004361656
GC_TA,TACGC(GCGTA),2321,403975,0.005745405
AT_CG,TTAGC(GCTAA),5145,4465821,0.001152084
AT_GC,TTAGC(GCTAA),21803,4465821,0.004882193
AT_TA,TTAGC(GCTAA),5247,4465821,0.001174924
AT_CG,GTAGC(GCTAC),2263,3136026,0.000721614
AT_GC,GTAGC(GCTAC),18599,3136026,0.005930754
AT_TA,GTAGC(GCTAC),3915,3136026,0.001248395
AT_CG,TGAGC(GCTCA),6374,6214976,0.001025587
AT_GC,TGAGC(GCTCA),25519,6214976,0.00410605
AT_TA,TGAGC(GCTCA),6582,6214976,0.001059055
AT_CG,GGAGC(GCTCC),4834,4058835,0.001190982
AT_GC,GGAGC(GCTCC),16485,4058835,0.00406151
AT_TA,GGAGC(GCTCC),5395,4058835,0.001329199
AT_CG,TCAGC(GCTGA),9188,6442875,0.001426071
AT_GC,TCAGC(GCTGA),34616,6442875,0.005372757
AT_TA,TCAGC(GCTGA),7909,6442875,0.001227558
AT_CG,TAAGC(GCTTA),5888,3604158,0.001633669
AT_GC,TAAGC(GCTTA),12446,3604158,0.003453234
AT_TA,TAAGC(GCTTA),3911,3604158,0.001085136
AT_CG,GGAAA(TTTCC),14549,9734733,0.001494545
AT_GC,GGAAA(TTTCC),51857,9734733,0.005327008
AT_TA,GGAAA(TTTCC),10418,9734733,0.001070189
AT_CG,GGAAC(GTTCC),3799,3740058,0.00101576
AT_GC,GGAAC(GTTCC),10918,3740058,0.002919206
AT_TA,GGAAC(GTTCC),4891,3740058,0.001307734
AT_CG,GGACA(TGTCC),4665,4715348,0.000989323
AT_GC,GGACA(TGTCC),26878,4715348,0.00570011
AT_TA,GGACA(TGTCC),9339,4715348,0.001980554
AT_CG,GGACC(GGTCC),3372,2520321,0.001337925
AT_GC,GGACC(GGTCC),11793,2520321,0.004679166
AT_TA,GGACC(GGTCC),4995,2520321,0.00198189
AT_CG,GGAGA(TCTCC),8622,7734053,0.00111481
AT_GC,GGAGA(TCTCC),28010,7734053,0.003621646
AT_TA,GGAGA(TCTCC),9276,7734053,0.001199371
AT_CG,GGATA(TATCC),6601,3839341,0.001719305
AT_GC,GGATA(TATCC),28733,3839341,0.007483836
AT_TA,GGATA(TATCC),14762,3839341,0.003844931
GC_AT,GGCAA(TTGCC),36039,5140919,0.007010225
GC_CG,GGCAA(TTGCC),10048,5140919,0.001954514
GC_TA,GGCAA(TTGCC),28712,5140919,0.005584994
GC_AT,GGCAC(GTGCC),38233,4070655,0.009392346
GC_CG,GGCAC(GTGCC),5036,4070655,0.001237147
GC_TA,GGCAC(GTGCC),14338,4070655,0.003522283
GC_AT,GGCCA(TGGCC),56494,5855202,0.009648514
GC_CG,GGCCA(TGGCC),9569,5855202,0.001634273
GC_TA,GGCCA(TGGCC),22911,5855202,0.003912931
GC_AT,GGCCC(GGGCC),41710,3442923,0.012114706
GC_CG,GGCCC(GGGCC),6209,3442923,0.001803409
GC_TA,GGCCC(GGGCC),17212,3442923,0.00499924
GC_AT,GGCGA(TCGCC),79808,849787,0.093915299
GC_CG,GGCGA(TCGCC),2352,849787,0.002767752
GC_TA,GGCGA(TCGCC),6807,849787,0.008010243
GC_AT,GGCTA(TAGCC),27231,3531798,0.007710237
GC_CG,GGCTA(TAGCC),8931,3531798,0.00252874
GC_TA,GGCTA(TAGCC),11193,3531798,0.003169207
GC_AT,TTCCC(GGGAA),68310,6843092,0.00998233
GC_CG,TTCCC(GGGAA),17856,6843092,0.002609347
GC_TA,TTCCC(GGGAA),19805,6843092,0.00289416
GC_AT,GTCCC(GGGAC),35417,3590964,0.009862811
GC_CG,GTCCC(GGGAC),10713,3590964,0.002983321
GC_TA,GTCCC(GGGAC),14615,3590964,0.004069938
GC_AT,TGCCC(GGGCA),77140,5455605,0.014139587
GC_CG,TGCCC(GGGCA),9449,5455605,0.00173198
GC_TA,TGCCC(GGGCA),23908,5455605,0.004382282
GC_AT,TCCCC(GGGGA),54815,5294912,0.010352391
GC_CG,TCCCC(GGGGA),10645,5294912,0.002010421
GC_TA,TCCCC(GGGGA),14594,5294912,0.002756231
GC_AT,TACCC(GGGTA),39022,2934917,0.013295776
GC_CG,TACCC(GGGTA),7333,2934917,0.002498537
GC_TA,TACCC(GGGTA),21305,2934917,0.007259149
AT_CG,TTACC(GGTAA),4363,3824396,0.001140834
AT_GC,TTACC(GGTAA),19968,3824396,0.005221217
AT_TA,TTACC(GGTAA),4862,3824396,0.001271312
AT_CG,GTACC(GGTAC),2133,2194589,0.000971936
AT_GC,GTACC(GGTAC),14111,2194589,0.006429906
AT_TA,GTACC(GGTAC),3246,2194589,0.001479092
AT_CG,TGACC(GGTCA),6022,4233443,0.001422483
AT_GC,TGACC(GGTCA),18212,4233443,0.004301936
AT_TA,TGACC(GGTCA),8166,4233443,0.001928926
AT_CG,TCACC(GGTGA),8613,5551955,0.001551345
AT_GC,TCACC(GGTGA),22669,5551955,0.004083066
AT_TA,TCACC(GGTGA),7142,5551955,0.001286394
AT_CG,TAACC(GGTTA),3498,3127636,0.001118417
AT_GC,TAACC(GGTTA),12777,3127636,0.004085194
AT_TA,TAACC(GGTTA),4270,3127636,0.001365248
AT_CG,GTAAA(TTTAC),7001,6619925,0.001057565
AT_GC,GTAAA(TTTAC),40076,6619925,0.006053845
AT_TA,GTAAA(TTTAC),8175,6619925,0.001234908
AT_CG,GTAAC(GTTAC),2867,2879734,0.000995578
AT_GC,GTAAC(GTTAC),12651,2879734,0.004393114
AT_TA,GTAAC(GTTAC),3935,2879734,0.001366446
AT_CG,GTACA(TGTAC),3296,3827472,0.000861143
AT_GC,GTACA(TGTAC),30371,3827472,0.007935003
AT_TA,GTACA(TGTAC),5398,3827472,0.00141033
AT_CG,GTAGA(TCTAC),3519,4688843,0.000750505
AT_GC,GTAGA(TCTAC),33474,4688843,0.007139075
AT_TA,GTAGA(TCTAC),4854,4688843,0.001035223
AT_CG,GTATA(TATAC),4202,4842287,0.000867772
AT_GC,GTATA(TATAC),86593,4842287,0.017882666
AT_TA,GTATA(TATAC),9437,4842287,0.001948873
GC_AT,GTCAA(TTGAC),20872,3984885,0.005237792
GC_CG,GTCAA(TTGAC),13522,3984885,0.003393323
GC_TA,GTCAA(TTGAC),11777,3984885,0.002955418
GC_AT,GTCAC(GTGAC),25254,3715266,0.00679736
GC_CG,GTCAC(GTGAC),6095,3715266,0.001640529
GC_TA,GTCAC(GTGAC),7719,3715266,0.002077644
GC_AT,GTCCA(TGGAC),25371,3629844,0.006989557
GC_CG,GTCCA(TGGAC),10585,3629844,0.002916103
GC_TA,GTCCA(TGGAC),12187,3629844,0.003357445
GC_AT,GTCGA(TCGAC),31595,386293,0.081790247
GC_CG,GTCGA(TCGAC),2593,386293,0.006712521
GC_TA,GTCGA(TCGAC),2294,386293,0.005938497
GC_AT,GTCTA(TAGAC),18117,3137871,0.00577366
GC_CG,GTCTA(TAGAC),14026,3137871,0.00446991
GC_TA,GTCTA(TAGAC),7306,3137871,0.00232833
GC_AT,TTCAC(GTGAA),44408,6549691,0.006780167
GC_CG,TTCAC(GTGAA),9667,6549691,0.001475947
GC_TA,TTCAC(GTGAA),12864,6549691,0.001964062
GC_AT,TGCAC(GTGCA),62755,5162913,0.01215496
GC_CG,TGCAC(GTGCA),5418,5162913,0.001049408
GC_TA,TGCAC(GTGCA),19009,5162913,0.003681836
GC_AT,TCCAC(GTGGA),49835,5214586,0.009556847
GC_CG,TCCAC(GTGGA),4184,5214586,0.000802365
GC_TA,TCCAC(GTGGA),7833,5214586,0.001502133
GC_AT,TACAC(GTGTA),58227,4012139,0.014512708
GC_CG,TACAC(GTGTA),5736,4012139,0.001429661
GC_TA,TACAC(GTGTA),11848,4012139,0.002953038
AT_CG,TTAAC(GTTAA),7705,4906658,0.001570315
AT_GC,TTAAC(GTTAA),14352,4906658,0.002925005
AT_TA,TTAAC(GTTAA),6383,4906658,0.001300885
AT_CG,TGAAC(GTTCA),6382,5534815,0.001153065
AT_GC,TGAAC(GTTCA),13170,5534815,0.002379483
AT_TA,TGAAC(GTTCA),6152,5534815,0.00111151
AT_CG,TCAAC(GTTGA),8609,4280338,0.00201129
AT_GC,TCAAC(GTTGA),12845,4280338,0.003000931
AT_TA,TCAAC(GTTGA),4872,4280338,0.001138228
AT_CG,TAAAC(GTTTA),9730,5851161,0.001662918
AT_GC,TAAAC(GTTTA),10409,5851161,0.001778963
AT_TA,TAAAC(GTTTA),5429,5851161,0.00092785
AT_CG,TAAAA(TTTTA),35066,17976051,0.001950707
AT_GC,TAAAA(TTTTA),50540,17976051,0.002811519
AT_TA,TAAAA(TTTTA),17462,17976051,0.000971404
AT_CG,TAACA(TGTTA),7707,6515389,0.001182892
AT_GC,TAACA(TGTTA),33033,6515389,0.005069997
AT_TA,TAACA(TGTTA),8854,6515389,0.001358937
AT_CG,TAAGA(TCTTA),11771,6597089,0.001784272
AT_GC,TAAGA(TCTTA),27092,6597089,0.00410666
AT_TA,TAAGA(TCTTA),6580,6597089,0.00099741
AT_CG,TAATA(TATTA),14686,8972210,0.001636832
AT_GC,TAATA(TATTA),69704,8972210,0.007768877
AT_TA,TAATA(TATTA),11764,8972210,0.00131116
GC_AT,TACAA(TTGTA),75642,7341328,0.010303585
GC_CG,TACAA(TTGTA),21967,7341328,0.002992238
GC_TA,TACAA(TTGTA),40751,7341328,0.005550903
GC_AT,TACCA(TGGTA),49944,4750779,0.010512802
GC_CG,TACCA(TGGTA),13731,4750779,0.002890263
GC_TA,TACCA(TGGTA),22970,4750779,0.004834997
GC_AT,TACGA(TCGTA),70133,545314,0.128610305
GC_CG,TACGA(TCGTA),2876,545314,0.005274026
GC_TA,TACGA(TCGTA),3412,545314,0.006256946
GC_AT,TACTA(TAGTA),47207,4756312,0.009925127
GC_CG,TACTA(TAGTA),19169,4756312,0.004030223
GC_TA,TACTA(TAGTA),12669,4756312,0.002663618
GC_AT,TTCTA(TAGAA),42222,8086136,0.00522153
GC_CG,TTCTA(TAGAA),31139,8086136,0.003850912
GC_TA,TTCTA(TAGAA),24544,8086136,0.003035319
GC_AT,TGCTA(TAGCA),54018,4832225,0.011178701
GC_CG,TGCTA(TAGCA),12958,4832225,0.00268158
GC_TA,TGCTA(TAGCA),11173,4832225,0.002312185
GC_AT,TCCTA(TAGGA),43996,4987991,0.008820385
GC_CG,TCCTA(TAGGA),13946,4987991,0.002795915
GC_TA,TCCTA(TAGGA),8300,4987991,0.001663997
AT_CG,TTATA(TATAA),12877,9377505,0.00137318
AT_GC,TTATA(TATAA),110321,9377505,0.01176443
AT_TA,TTATA(TATAA),26539,9377505,0.00283007
AT_CG,TGATA(TATCA),7915,5773663,0.00137088
AT_GC,TGATA(TATCA),46218,5773663,0.00800497
AT_TA,TGATA(TATCA),17774,5773663,0.003078462
AT_CG,TCATA(TATGA),14859,5980385,0.002484623
AT_GC,TCATA(TATGA),78772,5980385,0.013171727
AT_TA,TCATA(TATGA),17428,5980385,0.002914194
AT_CG,TCAAA(TTTGA),21328,10252721,0.002080228
AT_GC,TCAAA(TTTGA),35651,10252721,0.003477223
AT_TA,TCAAA(TTTGA),9810,10252721,0.000956819
AT_CG,TCACA(TGTGA),13432,7594513,0.001768645
AT_GC,TCACA(TGTGA),30772,7594513,0.004051873
AT_TA,TCACA(TGTGA),11011,7594513,0.001449863
AT_CG,TCAGA(TCTGA),12058,7433830,0.001622044
AT_GC,TCAGA(TCTGA),38337,7433830,0.005157099
AT_TA,TCAGA(TCTGA),7901,7433830,0.001062844
GC_AT,TCCAA(TTGGA),42809,6337545,0.006754824
GC_CG,TCCAA(TTGGA),9664,6337545,0.001524881
GC_TA,TCCAA(TTGGA),13303,6337545,0.002099078
GC_AT,TCCCA(TGGGA),69285,9693229,0.007147773
GC_CG,TCCCA(TGGGA),18709,9693229,0.00193011
GC_TA,TCCCA(TGGGA),21167,9693229,0.002183689
GC_AT,TCCGA(TCGGA),63604,577129,0.110207597
GC_CG,TCCGA(TCGGA),2155,577129,0.003734001
GC_TA,TCCGA(TCGGA),2155,577129,0.003734001
GC_AT,TTCGA(TCGAA),82432,830998,0.099196388
GC_CG,TTCGA(TCGAA),4141,830998,0.004983165
GC_TA,TTCGA(TCGAA),4445,830998,0.00534899
GC_AT,TGCGA(TCGCA),65630,626310,0.104788364
GC_CG,TGCGA(TCGCA),3126,626310,0.004991139
GC_TA,TGCGA(TCGCA),7378,626310,0.011780109
AT_CG,TTAGA(TCTAA),8161,6266793,0.001302261
AT_GC,TTAGA(TCTAA),31757,6266793,0.005067504
AT_TA,TTAGA(TCTAA),6643,6266793,0.001060032
AT_CG,TGAGA(TCTCA),11116,9515200,0.001168236
AT_GC,TGAGA(TCTCA),33854,9515200,0.003557886
AT_TA,TGAGA(TCTCA),8778,9515200,0.000922524
AT_CG,TGAAA(TTTCA),19245,12234552,0.001573004
AT_GC,TGAAA(TTTCA),41335,12234552,0.003378546
AT_TA,TGAAA(TTTCA),11782,12234552,0.00096301
AT_CG,TGACA(TGTCA),6935,6313362,0.001098464
AT_GC,TGACA(TGTCA),33777,6313362,0.005350081
AT_TA,TGACA(TGTCA),12536,6313362,0.00198563
GC_AT,TGCAA(TTGCA),58942,6907624,0.008532891
GC_CG,TGCAA(TTGCA),13169,6907624,0.001906444
GC_TA,TGCAA(TTGCA),36745,6907624,0.005319485
GC_AT,TGCCA(TGGCA),82508,6678790,0.012353735
GC_CG,TGCCA(TGGCA),10340,6678790,0.001548185
GC_TA,TGCCA(TGGCA),27807,6678790,0.004163479
GC_AT,TTCCA(TGGAA),58719,8856481,0.00663006
GC_CG,TTCCA(TGGAA),24722,8856481,0.002791402
GC_TA,TTCCA(TGGAA),24271,8856481,0.002740479
AT_CG,TTACA(TGTAA),8819,8147368,0.001082435
AT_GC,TTACA(TGTAA),44884,8147368,0.005509018
AT_TA,TTACA(TGTAA),9843,8147368,0.00120812
AT_CG,TTAAA(TTTAA),23809,14683797,0.001621447
AT_GC,TTAAA(TTTAA),59436,14683797,0.004047727
AT_TA,TTAAA(TTTAA),77902,14683797,0.005305304
GC_AT,TTCAA(TTGAA),48230,9527362,0.005062262
GC_CG,TTCAA(TTGAA),26920,9527362,0.002825546
GC_TA,TTCAA(TTGAA),27059,9527362,0.002840136
